INFO:     Will watch for changes in these directories: ['G:\\Meu Drive\\BASE ANTIGRAVITY\\apps\\api']
INFO:     Uvicorn running on http://127.0.0.1:8000 (Press CTRL+C to quit)
INFO:     Started reloader process [12644] using WatchFiles
WARNING:  WatchFiles detected changes in 'src\presentation\routers\web_ui.py'. Reloading...
INFO:     Started server process [14820]
INFO:     Waiting for application startup.
INFO:     Application startup complete.
INFO:     Shutting down
INFO:     Waiting for application shutdown.
INFO:     Application shutdown complete.
INFO:     Finished server process [14820]
INFO:     Started server process [14644]
INFO:     Waiting for application startup.
INFO:     Application startup complete.
ERROR:    Exception in ASGI application
Traceback (most recent call last):
  File "C:\Users\User\AppData\Local\Programs\Python\Python311\Lib\site-packages\sqlalchemy\engine\base.py", line 1969, in _exec_single_context
    self.dialect.do_execute(
  File "C:\Users\User\AppData\Local\Programs\Python\Python311\Lib\site-packages\sqlalchemy\engine\default.py", line 952, in do_execute
    cursor.execute(statement, parameters)
  File "C:\Users\User\AppData\Local\Programs\Python\Python311\Lib\site-packages\sqlalchemy\dialects\sqlite\aiosqlite.py", line 183, in execute
    self._adapt_connection._handle_exception(error)
  File "C:\Users\User\AppData\Local\Programs\Python\Python311\Lib\site-packages\sqlalchemy\dialects\sqlite\aiosqlite.py", line 343, in _handle_exception
    raise error
  File "C:\Users\User\AppData\Local\Programs\Python\Python311\Lib\site-packages\sqlalchemy\dialects\sqlite\aiosqlite.py", line 165, in execute
    self.await_(_cursor.execute(operation, parameters))
  File "C:\Users\User\AppData\Local\Programs\Python\Python311\Lib\site-packages\sqlalchemy\util\_concurrency_py3k.py", line 132, in await_only
    return current.parent.switch(awaitable)  # type: ignore[no-any-return,attr-defined] # noqa: E501
           ^^^^^^^^^^^^^^^^^^^^^^^^^^^^^^^^
  File "C:\Users\User\AppData\Local\Programs\Python\Python311\Lib\site-packages\sqlalchemy\util\_concurrency_py3k.py", line 196, in greenlet_spawn
    value = await result
            ^^^^^^^^^^^^
  File "C:\Users\User\AppData\Local\Programs\Python\Python311\Lib\site-packages\aiosqlite\cursor.py", line 40, in execute
    await self._execute(self._cursor.execute, sql, parameters)
  File "C:\Users\User\AppData\Local\Programs\Python\Python311\Lib\site-packages\aiosqlite\cursor.py", line 32, in _execute
    return await self._conn._execute(fn, *args, **kwargs)
           ^^^^^^^^^^^^^^^^^^^^^^^^^^^^^^^^^^^^^^^^^^^^^^
  File "C:\Users\User\AppData\Local\Programs\Python\Python311\Lib\site-packages\aiosqlite\core.py", line 160, in _execute
    return await future
           ^^^^^^^^^^^^
  File "C:\Users\User\AppData\Local\Programs\Python\Python311\Lib\site-packages\aiosqlite\core.py", line 63, in _connection_worker_thread
    result = function()
             ^^^^^^^^^^
sqlite3.OperationalError: table bling_nfe_webhook_events already exists

The above exception was the direct cause of the following exception:

Traceback (most recent call last):
  File "C:\Users\User\AppData\Local\Programs\Python\Python311\Lib\site-packages\uvicorn\protocols\http\httptools_impl.py", line 422, in run_asgi
    result = await app(  # type: ignore[func-returns-value]
             ^^^^^^^^^^^^^^^^^^^^^^^^^^^^^^^^^^^^^^^^^^^^^^
  File "C:\Users\User\AppData\Local\Programs\Python\Python311\Lib\site-packages\uvicorn\middleware\proxy_headers.py", line 63, in __call__
    return await self.app(scope, receive, send)
           ^^^^^^^^^^^^^^^^^^^^^^^^^^^^^^^^^^^^
  File "C:\Users\User\AppData\Local\Programs\Python\Python311\Lib\site-packages\fastapi\applications.py", line 1163, in __call__
    await super().__call__(scope, receive, send)
  File "C:\Users\User\AppData\Local\Programs\Python\Python311\Lib\site-packages\starlette\applications.py", line 90, in __call__
    await self.middleware_stack(scope, receive, send)
  File "C:\Users\User\AppData\Local\Programs\Python\Python311\Lib\site-packages\starlette\middleware\errors.py", line 186, in __call__
    raise exc
  File "C:\Users\User\AppData\Local\Programs\Python\Python311\Lib\site-packages\starlette\middleware\errors.py", line 164, in __call__
    await self.app(scope, receive, _send)
  File "C:\Users\User\AppData\Local\Programs\Python\Python311\Lib\site-packages\starlette\middleware\cors.py", line 88, in __call__
    await self.app(scope, receive, send)
  File "C:\Users\User\AppData\Local\Programs\Python\Python311\Lib\site-packages\starlette\middleware\exceptions.py", line 63, in __call__
    await wrap_app_handling_exceptions(self.app, conn)(scope, receive, send)
  File "C:\Users\User\AppData\Local\Programs\Python\Python311\Lib\site-packages\starlette\_exception_handler.py", line 53, in wrapped_app
    raise exc
  File "C:\Users\User\AppData\Local\Programs\Python\Python311\Lib\site-packages\starlette\_exception_handler.py", line 42, in wrapped_app
    await app(scope, receive, sender)
  File "C:\Users\User\AppData\Local\Programs\Python\Python311\Lib\site-packages\fastapi\middleware\asyncexitstack.py", line 18, in __call__
    await self.app(scope, receive, send)
  File "C:\Users\User\AppData\Local\Programs\Python\Python311\Lib\site-packages\starlette\routing.py", line 660, in __call__
    await self.middleware_stack(scope, receive, send)
  File "C:\Users\User\AppData\Local\Programs\Python\Python311\Lib\site-packages\fastapi\routing.py", line 2685, in app
    await route.handle(scope, receive, send)
  File "C:\Users\User\AppData\Local\Programs\Python\Python311\Lib\site-packages\fastapi\routing.py", line 1766, in handle
    await self.original_router.handle(scope, receive, send)
  File "C:\Users\User\AppData\Local\Programs\Python\Python311\Lib\site-packages\fastapi\routing.py", line 2740, in handle
    await included_router._handle_selected(scope, receive, send)
  File "C:\Users\User\AppData\Local\Programs\Python\Python311\Lib\site-packages\fastapi\routing.py", line 1786, in _handle_selected
    await original_route.handle(scope, receive, send)
  File "C:\Users\User\AppData\Local\Programs\Python\Python311\Lib\site-packages\fastapi\routing.py", line 1265, in handle
    await app(scope, receive, send)
  File "C:\Users\User\AppData\Local\Programs\Python\Python311\Lib\site-packages\fastapi\routing.py", line 151, in app
    await wrap_app_handling_exceptions(app, request)(scope, receive, send)
  File "C:\Users\User\AppData\Local\Programs\Python\Python311\Lib\site-packages\starlette\_exception_handler.py", line 53, in wrapped_app
    raise exc
  File "C:\Users\User\AppData\Local\Programs\Python\Python311\Lib\site-packages\starlette\_exception_handler.py", line 42, in wrapped_app
    await app(scope, receive, sender)
  File "C:\Users\User\AppData\Local\Programs\Python\Python311\Lib\site-packages\fastapi\routing.py", line 137, in app
    response = await f(request)
               ^^^^^^^^^^^^^^^^
  File "C:\Users\User\AppData\Local\Programs\Python\Python311\Lib\site-packages\fastapi\routing.py", line 691, in app
    raw_response = await run_endpoint_function(
                   ^^^^^^^^^^^^^^^^^^^^^^^^^^^^
  File "C:\Users\User\AppData\Local\Programs\Python\Python311\Lib\site-packages\fastapi\routing.py", line 345, in run_endpoint_function
    return await dependant.call(**values)
           ^^^^^^^^^^^^^^^^^^^^^^^^^^^^^^
  File "G:\Meu Drive\BASE ANTIGRAVITY\apps\api\src\presentation\routers\web_ui.py", line 23, in get_web_ui
    await seed_operators_if_empty()
  File "G:\Meu Drive\BASE ANTIGRAVITY\apps\api\src\presentation\routers\operators.py", line 83, in seed_operators_if_empty
    await init_db()
  File "G:\Meu Drive\BASE ANTIGRAVITY\apps\api\src\infrastructure\database.py", line 256, in init_db
    await conn.run_sync(Base.metadata.create_all)
  File "C:\Users\User\AppData\Local\Programs\Python\Python311\Lib\site-packages\sqlalchemy\ext\asyncio\engine.py", line 888, in run_sync
    return await greenlet_spawn(
           ^^^^^^^^^^^^^^^^^^^^^
  File "C:\Users\User\AppData\Local\Programs\Python\Python311\Lib\site-packages\sqlalchemy\util\_concurrency_py3k.py", line 201, in greenlet_spawn
    result = context.throw(*sys.exc_info())
             ^^^^^^^^^^^^^^^^^^^^^^^^^^^^^^
  File "C:\Users\User\AppData\Local\Programs\Python\Python311\Lib\site-packages\sqlalchemy\sql\schema.py", line 5930, in create_all
    bind._run_ddl_visitor(
  File "C:\Users\User\AppData\Local\Programs\Python\Python311\Lib\site-packages\sqlalchemy\engine\base.py", line 2469, in _run_ddl_visitor
    ).traverse_single(element)
      ^^^^^^^^^^^^^^^^^^^^^^^^
  File "C:\Users\User\AppData\Local\Programs\Python\Python311\Lib\site-packages\sqlalchemy\sql\visitors.py", line 661, in traverse_single
    return meth(obj, **kw)
           ^^^^^^^^^^^^^^^
  File "C:\Users\User\AppData\Local\Programs\Python\Python311\Lib\site-packages\sqlalchemy\sql\ddl.py", line 985, in visit_metadata
    self.traverse_single(
  File "C:\Users\User\AppData\Local\Programs\Python\Python311\Lib\site-packages\sqlalchemy\sql\visitors.py", line 661, in traverse_single
    return meth(obj, **kw)
           ^^^^^^^^^^^^^^^
  File "C:\Users\User\AppData\Local\Programs\Python\Python311\Lib\site-packages\sqlalchemy\sql\ddl.py", line 1023, in visit_table
    )._invoke_with(self.connection)
      ^^^^^^^^^^^^^^^^^^^^^^^^^^^^^
  File "C:\Users\User\AppData\Local\Programs\Python\Python311\Lib\site-packages\sqlalchemy\sql\ddl.py", line 322, in _invoke_with
    return bind.execute(self)
           ^^^^^^^^^^^^^^^^^^
  File "C:\Users\User\AppData\Local\Programs\Python\Python311\Lib\site-packages\sqlalchemy\engine\base.py", line 1421, in execute
    return meth(
           ^^^^^
  File "C:\Users\User\AppData\Local\Programs\Python\Python311\Lib\site-packages\sqlalchemy\sql\ddl.py", line 188, in _execute_on_connection
    return connection._execute_ddl(
           ^^^^^^^^^^^^^^^^^^^^^^^^
  File "C:\Users\User\AppData\Local\Programs\Python\Python311\Lib\site-packages\sqlalchemy\engine\base.py", line 1532, in _execute_ddl
    ret = self._execute_context(
          ^^^^^^^^^^^^^^^^^^^^^^
  File "C:\Users\User\AppData\Local\Programs\Python\Python311\Lib\site-packages\sqlalchemy\engine\base.py", line 1848, in _execute_context
    return self._exec_single_context(
           ^^^^^^^^^^^^^^^^^^^^^^^^^^
  File "C:\Users\User\AppData\Local\Programs\Python\Python311\Lib\site-packages\sqlalchemy\engine\base.py", line 1988, in _exec_single_context
    self._handle_dbapi_exception(
  File "C:\Users\User\AppData\Local\Programs\Python\Python311\Lib\site-packages\sqlalchemy\engine\base.py", line 2365, in _handle_dbapi_exception
    raise sqlalchemy_exception.with_traceback(exc_info[2]) from e
  File "C:\Users\User\AppData\Local\Programs\Python\Python311\Lib\site-packages\sqlalchemy\engine\base.py", line 1969, in _exec_single_context
    self.dialect.do_execute(
  File "C:\Users\User\AppData\Local\Programs\Python\Python311\Lib\site-packages\sqlalchemy\engine\default.py", line 952, in do_execute
    cursor.execute(statement, parameters)
  File "C:\Users\User\AppData\Local\Programs\Python\Python311\Lib\site-packages\sqlalchemy\dialects\sqlite\aiosqlite.py", line 183, in execute
    self._adapt_connection._handle_exception(error)
  File "C:\Users\User\AppData\Local\Programs\Python\Python311\Lib\site-packages\sqlalchemy\dialects\sqlite\aiosqlite.py", line 343, in _handle_exception
    raise error
  File "C:\Users\User\AppData\Local\Programs\Python\Python311\Lib\site-packages\sqlalchemy\dialects\sqlite\aiosqlite.py", line 165, in execute
    self.await_(_cursor.execute(operation, parameters))
  File "C:\Users\User\AppData\Local\Programs\Python\Python311\Lib\site-packages\sqlalchemy\util\_concurrency_py3k.py", line 132, in await_only
    return current.parent.switch(awaitable)  # type: ignore[no-any-return,attr-defined] # noqa: E501
           ^^^^^^^^^^^^^^^^^^^^^^^^^^^^^^^^
  File "C:\Users\User\AppData\Local\Programs\Python\Python311\Lib\site-packages\sqlalchemy\util\_concurrency_py3k.py", line 196, in greenlet_spawn
    value = await result
            ^^^^^^^^^^^^
  File "C:\Users\User\AppData\Local\Programs\Python\Python311\Lib\site-packages\aiosqlite\cursor.py", line 40, in execute
    await self._execute(self._cursor.execute, sql, parameters)
  File "C:\Users\User\AppData\Local\Programs\Python\Python311\Lib\site-packages\aiosqlite\cursor.py", line 32, in _execute
    return await self._conn._execute(fn, *args, **kwargs)
           ^^^^^^^^^^^^^^^^^^^^^^^^^^^^^^^^^^^^^^^^^^^^^^
  File "C:\Users\User\AppData\Local\Programs\Python\Python311\Lib\site-packages\aiosqlite\core.py", line 160, in _execute
    return await future
           ^^^^^^^^^^^^
  File "C:\Users\User\AppData\Local\Programs\Python\Python311\Lib\site-packages\aiosqlite\core.py", line 63, in _connection_worker_thread
    result = function()
             ^^^^^^^^^^
sqlalchemy.exc.OperationalError: (sqlite3.OperationalError) table bling_nfe_webhook_events already exists
[SQL: 
CREATE TABLE bling_nfe_webhook_events (
	id INTEGER NOT NULL, 
	event_name VARCHAR(100) NOT NULL, 
	bling_nfe_id VARCHAR(50) NOT NULL, 
	order_id VARCHAR(100) NOT NULL, 
	nfe_access_key VARCHAR(60) NOT NULL, 
	processed BOOLEAN NOT NULL, 
	error TEXT NOT NULL, 
	result_json TEXT NOT NULL, 
	payload_json TEXT NOT NULL, 
	received_at DATETIME NOT NULL, 
	processed_at DATETIME, 
	PRIMARY KEY (id)
)

]
(Background on this error at: https://sqlalche.me/e/20/e3q8)
ERROR:    Exception in ASGI application
Traceback (most recent call last):
  File "C:\Users\User\AppData\Local\Programs\Python\Python311\Lib\site-packages\sqlalchemy\engine\base.py", line 1969, in _exec_single_context
    self.dialect.do_execute(
  File "C:\Users\User\AppData\Local\Programs\Python\Python311\Lib\site-packages\sqlalchemy\engine\default.py", line 952, in do_execute
    cursor.execute(statement, parameters)
  File "C:\Users\User\AppData\Local\Programs\Python\Python311\Lib\site-packages\sqlalchemy\dialects\sqlite\aiosqlite.py", line 183, in execute
    self._adapt_connection._handle_exception(error)
  File "C:\Users\User\AppData\Local\Programs\Python\Python311\Lib\site-packages\sqlalchemy\dialects\sqlite\aiosqlite.py", line 343, in _handle_exception
    raise error
  File "C:\Users\User\AppData\Local\Programs\Python\Python311\Lib\site-packages\sqlalchemy\dialects\sqlite\aiosqlite.py", line 165, in execute
    self.await_(_cursor.execute(operation, parameters))
  File "C:\Users\User\AppData\Local\Programs\Python\Python311\Lib\site-packages\sqlalchemy\util\_concurrency_py3k.py", line 132, in await_only
    return current.parent.switch(awaitable)  # type: ignore[no-any-return,attr-defined] # noqa: E501
           ^^^^^^^^^^^^^^^^^^^^^^^^^^^^^^^^
  File "C:\Users\User\AppData\Local\Programs\Python\Python311\Lib\site-packages\sqlalchemy\util\_concurrency_py3k.py", line 196, in greenlet_spawn
    value = await result
            ^^^^^^^^^^^^
  File "C:\Users\User\AppData\Local\Programs\Python\Python311\Lib\site-packages\aiosqlite\cursor.py", line 40, in execute
    await self._execute(self._cursor.execute, sql, parameters)
  File "C:\Users\User\AppData\Local\Programs\Python\Python311\Lib\site-packages\aiosqlite\cursor.py", line 32, in _execute
    return await self._conn._execute(fn, *args, **kwargs)
           ^^^^^^^^^^^^^^^^^^^^^^^^^^^^^^^^^^^^^^^^^^^^^^
  File "C:\Users\User\AppData\Local\Programs\Python\Python311\Lib\site-packages\aiosqlite\core.py", line 160, in _execute
    return await future
           ^^^^^^^^^^^^
  File "C:\Users\User\AppData\Local\Programs\Python\Python311\Lib\site-packages\aiosqlite\core.py", line 63, in _connection_worker_thread
    result = function()
             ^^^^^^^^^^
sqlite3.OperationalError: database is locked

The above exception was the direct cause of the following exception:

Traceback (most recent call last):
  File "C:\Users\User\AppData\Local\Programs\Python\Python311\Lib\site-packages\uvicorn\protocols\http\httptools_impl.py", line 422, in run_asgi
    result = await app(  # type: ignore[func-returns-value]
             ^^^^^^^^^^^^^^^^^^^^^^^^^^^^^^^^^^^^^^^^^^^^^^
  File "C:\Users\User\AppData\Local\Programs\Python\Python311\Lib\site-packages\uvicorn\middleware\proxy_headers.py", line 63, in __call__
    return await self.app(scope, receive, send)
           ^^^^^^^^^^^^^^^^^^^^^^^^^^^^^^^^^^^^
  File "C:\Users\User\AppData\Local\Programs\Python\Python311\Lib\site-packages\fastapi\applications.py", line 1163, in __call__
    await super().__call__(scope, receive, send)
  File "C:\Users\User\AppData\Local\Programs\Python\Python311\Lib\site-packages\starlette\applications.py", line 90, in __call__
    await self.middleware_stack(scope, receive, send)
  File "C:\Users\User\AppData\Local\Programs\Python\Python311\Lib\site-packages\starlette\middleware\errors.py", line 186, in __call__
    raise exc
  File "C:\Users\User\AppData\Local\Programs\Python\Python311\Lib\site-packages\starlette\middleware\errors.py", line 164, in __call__
    await self.app(scope, receive, _send)
  File "C:\Users\User\AppData\Local\Programs\Python\Python311\Lib\site-packages\starlette\middleware\cors.py", line 88, in __call__
    await self.app(scope, receive, send)
  File "C:\Users\User\AppData\Local\Programs\Python\Python311\Lib\site-packages\starlette\middleware\exceptions.py", line 63, in __call__
    await wrap_app_handling_exceptions(self.app, conn)(scope, receive, send)
  File "C:\Users\User\AppData\Local\Programs\Python\Python311\Lib\site-packages\starlette\_exception_handler.py", line 53, in wrapped_app
    raise exc
  File "C:\Users\User\AppData\Local\Programs\Python\Python311\Lib\site-packages\starlette\_exception_handler.py", line 42, in wrapped_app
    await app(scope, receive, sender)
  File "C:\Users\User\AppData\Local\Programs\Python\Python311\Lib\site-packages\fastapi\middleware\asyncexitstack.py", line 18, in __call__
    await self.app(scope, receive, send)
  File "C:\Users\User\AppData\Local\Programs\Python\Python311\Lib\site-packages\starlette\routing.py", line 660, in __call__
    await self.middleware_stack(scope, receive, send)
  File "C:\Users\User\AppData\Local\Programs\Python\Python311\Lib\site-packages\fastapi\routing.py", line 2685, in app
    await route.handle(scope, receive, send)
  File "C:\Users\User\AppData\Local\Programs\Python\Python311\Lib\site-packages\fastapi\routing.py", line 1766, in handle
    await self.original_router.handle(scope, receive, send)
  File "C:\Users\User\AppData\Local\Programs\Python\Python311\Lib\site-packages\fastapi\routing.py", line 2740, in handle
    await included_router._handle_selected(scope, receive, send)
  File "C:\Users\User\AppData\Local\Programs\Python\Python311\Lib\site-packages\fastapi\routing.py", line 1786, in _handle_selected
    await original_route.handle(scope, receive, send)
  File "C:\Users\User\AppData\Local\Programs\Python\Python311\Lib\site-packages\fastapi\routing.py", line 1265, in handle
    await app(scope, receive, send)
  File "C:\Users\User\AppData\Local\Programs\Python\Python311\Lib\site-packages\fastapi\routing.py", line 151, in app
    await wrap_app_handling_exceptions(app, request)(scope, receive, send)
  File "C:\Users\User\AppData\Local\Programs\Python\Python311\Lib\site-packages\starlette\_exception_handler.py", line 53, in wrapped_app
    raise exc
  File "C:\Users\User\AppData\Local\Programs\Python\Python311\Lib\site-packages\starlette\_exception_handler.py", line 42, in wrapped_app
    await app(scope, receive, sender)
  File "C:\Users\User\AppData\Local\Programs\Python\Python311\Lib\site-packages\fastapi\routing.py", line 137, in app
    response = await f(request)
               ^^^^^^^^^^^^^^^^
  File "C:\Users\User\AppData\Local\Programs\Python\Python311\Lib\site-packages\fastapi\routing.py", line 691, in app
    raw_response = await run_endpoint_function(
                   ^^^^^^^^^^^^^^^^^^^^^^^^^^^^
  File "C:\Users\User\AppData\Local\Programs\Python\Python311\Lib\site-packages\fastapi\routing.py", line 345, in run_endpoint_function
    return await dependant.call(**values)
           ^^^^^^^^^^^^^^^^^^^^^^^^^^^^^^
  File "G:\Meu Drive\BASE ANTIGRAVITY\apps\api\src\presentation\routers\web_ui.py", line 23, in get_web_ui
    await seed_operators_if_empty()
  File "G:\Meu Drive\BASE ANTIGRAVITY\apps\api\src\presentation\routers\operators.py", line 83, in seed_operators_if_empty
    await init_db()
  File "G:\Meu Drive\BASE ANTIGRAVITY\apps\api\src\infrastructure\database.py", line 259, in init_db
    await conn.run_sync(_ensure_real_orders_columns)
  File "C:\Users\User\AppData\Local\Programs\Python\Python311\Lib\site-packages\sqlalchemy\ext\asyncio\engine.py", line 888, in run_sync
    return await greenlet_spawn(
           ^^^^^^^^^^^^^^^^^^^^^
  File "C:\Users\User\AppData\Local\Programs\Python\Python311\Lib\site-packages\sqlalchemy\util\_concurrency_py3k.py", line 201, in greenlet_spawn
    result = context.throw(*sys.exc_info())
             ^^^^^^^^^^^^^^^^^^^^^^^^^^^^^^
  File "G:\Meu Drive\BASE ANTIGRAVITY\apps\api\src\infrastructure\database.py", line 306, in _ensure_real_orders_columns
    _ensure_columns(
  File "G:\Meu Drive\BASE ANTIGRAVITY\apps\api\src\infrastructure\database.py", line 282, in _ensure_columns
    sync_conn.exec_driver_sql(sql)
  File "C:\Users\User\AppData\Local\Programs\Python\Python311\Lib\site-packages\sqlalchemy\engine\base.py", line 1781, in exec_driver_sql
    ret = self._execute_context(
          ^^^^^^^^^^^^^^^^^^^^^^
  File "C:\Users\User\AppData\Local\Programs\Python\Python311\Lib\site-packages\sqlalchemy\engine\base.py", line 1848, in _execute_context
    return self._exec_single_context(
           ^^^^^^^^^^^^^^^^^^^^^^^^^^
  File "C:\Users\User\AppData\Local\Programs\Python\Python311\Lib\site-packages\sqlalchemy\engine\base.py", line 1988, in _exec_single_context
    self._handle_dbapi_exception(
  File "C:\Users\User\AppData\Local\Programs\Python\Python311\Lib\site-packages\sqlalchemy\engine\base.py", line 2365, in _handle_dbapi_exception
    raise sqlalchemy_exception.with_traceback(exc_info[2]) from e
  File "C:\Users\User\AppData\Local\Programs\Python\Python311\Lib\site-packages\sqlalchemy\engine\base.py", line 1969, in _exec_single_context
    self.dialect.do_execute(
  File "C:\Users\User\AppData\Local\Programs\Python\Python311\Lib\site-packages\sqlalchemy\engine\default.py", line 952, in do_execute
    cursor.execute(statement, parameters)
  File "C:\Users\User\AppData\Local\Programs\Python\Python311\Lib\site-packages\sqlalchemy\dialects\sqlite\aiosqlite.py", line 183, in execute
    self._adapt_connection._handle_exception(error)
  File "C:\Users\User\AppData\Local\Programs\Python\Python311\Lib\site-packages\sqlalchemy\dialects\sqlite\aiosqlite.py", line 343, in _handle_exception
    raise error
  File "C:\Users\User\AppData\Local\Programs\Python\Python311\Lib\site-packages\sqlalchemy\dialects\sqlite\aiosqlite.py", line 165, in execute
    self.await_(_cursor.execute(operation, parameters))
  File "C:\Users\User\AppData\Local\Programs\Python\Python311\Lib\site-packages\sqlalchemy\util\_concurrency_py3k.py", line 132, in await_only
    return current.parent.switch(awaitable)  # type: ignore[no-any-return,attr-defined] # noqa: E501
           ^^^^^^^^^^^^^^^^^^^^^^^^^^^^^^^^
  File "C:\Users\User\AppData\Local\Programs\Python\Python311\Lib\site-packages\sqlalchemy\util\_concurrency_py3k.py", line 196, in greenlet_spawn
    value = await result
            ^^^^^^^^^^^^
  File "C:\Users\User\AppData\Local\Programs\Python\Python311\Lib\site-packages\aiosqlite\cursor.py", line 40, in execute
    await self._execute(self._cursor.execute, sql, parameters)
  File "C:\Users\User\AppData\Local\Programs\Python\Python311\Lib\site-packages\aiosqlite\cursor.py", line 32, in _execute
    return await self._conn._execute(fn, *args, **kwargs)
           ^^^^^^^^^^^^^^^^^^^^^^^^^^^^^^^^^^^^^^^^^^^^^^
  File "C:\Users\User\AppData\Local\Programs\Python\Python311\Lib\site-packages\aiosqlite\core.py", line 160, in _execute
    return await future
           ^^^^^^^^^^^^
  File "C:\Users\User\AppData\Local\Programs\Python\Python311\Lib\site-packages\aiosqlite\core.py", line 63, in _connection_worker_thread
    result = function()
             ^^^^^^^^^^
sqlalchemy.exc.OperationalError: (sqlite3.OperationalError) database is locked
[SQL: ALTER TABLE real_orders ADD COLUMN nfe_access_key VARCHAR(64) DEFAULT '']
(Background on this error at: https://sqlalche.me/e/20/e3q8)
ERROR:    Exception in ASGI application
Traceback (most recent call last):
  File "C:\Users\User\AppData\Local\Programs\Python\Python311\Lib\site-packages\sqlalchemy\engine\base.py", line 1969, in _exec_single_context
    self.dialect.do_execute(
  File "C:\Users\User\AppData\Local\Programs\Python\Python311\Lib\site-packages\sqlalchemy\engine\default.py", line 952, in do_execute
    cursor.execute(statement, parameters)
  File "C:\Users\User\AppData\Local\Programs\Python\Python311\Lib\site-packages\sqlalchemy\dialects\sqlite\aiosqlite.py", line 183, in execute
    self._adapt_connection._handle_exception(error)
  File "C:\Users\User\AppData\Local\Programs\Python\Python311\Lib\site-packages\sqlalchemy\dialects\sqlite\aiosqlite.py", line 343, in _handle_exception
    raise error
  File "C:\Users\User\AppData\Local\Programs\Python\Python311\Lib\site-packages\sqlalchemy\dialects\sqlite\aiosqlite.py", line 165, in execute
    self.await_(_cursor.execute(operation, parameters))
  File "C:\Users\User\AppData\Local\Programs\Python\Python311\Lib\site-packages\sqlalchemy\util\_concurrency_py3k.py", line 132, in await_only
    return current.parent.switch(awaitable)  # type: ignore[no-any-return,attr-defined] # noqa: E501
           ^^^^^^^^^^^^^^^^^^^^^^^^^^^^^^^^
  File "C:\Users\User\AppData\Local\Programs\Python\Python311\Lib\site-packages\sqlalchemy\util\_concurrency_py3k.py", line 196, in greenlet_spawn
    value = await result
            ^^^^^^^^^^^^
  File "C:\Users\User\AppData\Local\Programs\Python\Python311\Lib\site-packages\aiosqlite\cursor.py", line 40, in execute
    await self._execute(self._cursor.execute, sql, parameters)
  File "C:\Users\User\AppData\Local\Programs\Python\Python311\Lib\site-packages\aiosqlite\cursor.py", line 32, in _execute
    return await self._conn._execute(fn, *args, **kwargs)
           ^^^^^^^^^^^^^^^^^^^^^^^^^^^^^^^^^^^^^^^^^^^^^^
  File "C:\Users\User\AppData\Local\Programs\Python\Python311\Lib\site-packages\aiosqlite\core.py", line 160, in _execute
    return await future
           ^^^^^^^^^^^^
  File "C:\Users\User\AppData\Local\Programs\Python\Python311\Lib\site-packages\aiosqlite\core.py", line 63, in _connection_worker_thread
    result = function()
             ^^^^^^^^^^
sqlite3.OperationalError: duplicate column name: nfe_access_key

The above exception was the direct cause of the following exception:

Traceback (most recent call last):
  File "C:\Users\User\AppData\Local\Programs\Python\Python311\Lib\site-packages\uvicorn\protocols\http\httptools_impl.py", line 422, in run_asgi
    result = await app(  # type: ignore[func-returns-value]
             ^^^^^^^^^^^^^^^^^^^^^^^^^^^^^^^^^^^^^^^^^^^^^^
  File "C:\Users\User\AppData\Local\Programs\Python\Python311\Lib\site-packages\uvicorn\middleware\proxy_headers.py", line 63, in __call__
    return await self.app(scope, receive, send)
           ^^^^^^^^^^^^^^^^^^^^^^^^^^^^^^^^^^^^
  File "C:\Users\User\AppData\Local\Programs\Python\Python311\Lib\site-packages\fastapi\applications.py", line 1163, in __call__
    await super().__call__(scope, receive, send)
  File "C:\Users\User\AppData\Local\Programs\Python\Python311\Lib\site-packages\starlette\applications.py", line 90, in __call__
    await self.middleware_stack(scope, receive, send)
  File "C:\Users\User\AppData\Local\Programs\Python\Python311\Lib\site-packages\starlette\middleware\errors.py", line 186, in __call__
    raise exc
  File "C:\Users\User\AppData\Local\Programs\Python\Python311\Lib\site-packages\starlette\middleware\errors.py", line 164, in __call__
    await self.app(scope, receive, _send)
  File "C:\Users\User\AppData\Local\Programs\Python\Python311\Lib\site-packages\starlette\middleware\cors.py", line 88, in __call__
    await self.app(scope, receive, send)
  File "C:\Users\User\AppData\Local\Programs\Python\Python311\Lib\site-packages\starlette\middleware\exceptions.py", line 63, in __call__
    await wrap_app_handling_exceptions(self.app, conn)(scope, receive, send)
  File "C:\Users\User\AppData\Local\Programs\Python\Python311\Lib\site-packages\starlette\_exception_handler.py", line 53, in wrapped_app
    raise exc
  File "C:\Users\User\AppData\Local\Programs\Python\Python311\Lib\site-packages\starlette\_exception_handler.py", line 42, in wrapped_app
    await app(scope, receive, sender)
  File "C:\Users\User\AppData\Local\Programs\Python\Python311\Lib\site-packages\fastapi\middleware\asyncexitstack.py", line 18, in __call__
    await self.app(scope, receive, send)
  File "C:\Users\User\AppData\Local\Programs\Python\Python311\Lib\site-packages\starlette\routing.py", line 660, in __call__
    await self.middleware_stack(scope, receive, send)
  File "C:\Users\User\AppData\Local\Programs\Python\Python311\Lib\site-packages\fastapi\routing.py", line 2685, in app
    await route.handle(scope, receive, send)
  File "C:\Users\User\AppData\Local\Programs\Python\Python311\Lib\site-packages\fastapi\routing.py", line 1766, in handle
    await self.original_router.handle(scope, receive, send)
  File "C:\Users\User\AppData\Local\Programs\Python\Python311\Lib\site-packages\fastapi\routing.py", line 2740, in handle
    await included_router._handle_selected(scope, receive, send)
  File "C:\Users\User\AppData\Local\Programs\Python\Python311\Lib\site-packages\fastapi\routing.py", line 1786, in _handle_selected
    await original_route.handle(scope, receive, send)
  File "C:\Users\User\AppData\Local\Programs\Python\Python311\Lib\site-packages\fastapi\routing.py", line 1265, in handle
    await app(scope, receive, send)
  File "C:\Users\User\AppData\Local\Programs\Python\Python311\Lib\site-packages\fastapi\routing.py", line 151, in app
    await wrap_app_handling_exceptions(app, request)(scope, receive, send)
  File "C:\Users\User\AppData\Local\Programs\Python\Python311\Lib\site-packages\starlette\_exception_handler.py", line 53, in wrapped_app
    raise exc
  File "C:\Users\User\AppData\Local\Programs\Python\Python311\Lib\site-packages\starlette\_exception_handler.py", line 42, in wrapped_app
    await app(scope, receive, sender)
  File "C:\Users\User\AppData\Local\Programs\Python\Python311\Lib\site-packages\fastapi\routing.py", line 137, in app
    response = await f(request)
               ^^^^^^^^^^^^^^^^
  File "C:\Users\User\AppData\Local\Programs\Python\Python311\Lib\site-packages\fastapi\routing.py", line 691, in app
    raw_response = await run_endpoint_function(
                   ^^^^^^^^^^^^^^^^^^^^^^^^^^^^
  File "C:\Users\User\AppData\Local\Programs\Python\Python311\Lib\site-packages\fastapi\routing.py", line 345, in run_endpoint_function
    return await dependant.call(**values)
           ^^^^^^^^^^^^^^^^^^^^^^^^^^^^^^
  File "G:\Meu Drive\BASE ANTIGRAVITY\apps\api\src\presentation\routers\web_ui.py", line 23, in get_web_ui
    await seed_operators_if_empty()
  File "G:\Meu Drive\BASE ANTIGRAVITY\apps\api\src\presentation\routers\operators.py", line 83, in seed_operators_if_empty
    await init_db()
  File "G:\Meu Drive\BASE ANTIGRAVITY\apps\api\src\infrastructure\database.py", line 259, in init_db
    await conn.run_sync(_ensure_real_orders_columns)
  File "C:\Users\User\AppData\Local\Programs\Python\Python311\Lib\site-packages\sqlalchemy\ext\asyncio\engine.py", line 888, in run_sync
    return await greenlet_spawn(
           ^^^^^^^^^^^^^^^^^^^^^
  File "C:\Users\User\AppData\Local\Programs\Python\Python311\Lib\site-packages\sqlalchemy\util\_concurrency_py3k.py", line 201, in greenlet_spawn
    result = context.throw(*sys.exc_info())
             ^^^^^^^^^^^^^^^^^^^^^^^^^^^^^^
  File "G:\Meu Drive\BASE ANTIGRAVITY\apps\api\src\infrastructure\database.py", line 306, in _ensure_real_orders_columns
    _ensure_columns(
  File "G:\Meu Drive\BASE ANTIGRAVITY\apps\api\src\infrastructure\database.py", line 282, in _ensure_columns
    sync_conn.exec_driver_sql(sql)
  File "C:\Users\User\AppData\Local\Programs\Python\Python311\Lib\site-packages\sqlalchemy\engine\base.py", line 1781, in exec_driver_sql
    ret = self._execute_context(
          ^^^^^^^^^^^^^^^^^^^^^^
  File "C:\Users\User\AppData\Local\Programs\Python\Python311\Lib\site-packages\sqlalchemy\engine\base.py", line 1848, in _execute_context
    return self._exec_single_context(
           ^^^^^^^^^^^^^^^^^^^^^^^^^^
  File "C:\Users\User\AppData\Local\Programs\Python\Python311\Lib\site-packages\sqlalchemy\engine\base.py", line 1988, in _exec_single_context
    self._handle_dbapi_exception(
  File "C:\Users\User\AppData\Local\Programs\Python\Python311\Lib\site-packages\sqlalchemy\engine\base.py", line 2365, in _handle_dbapi_exception
    raise sqlalchemy_exception.with_traceback(exc_info[2]) from e
  File "C:\Users\User\AppData\Local\Programs\Python\Python311\Lib\site-packages\sqlalchemy\engine\base.py", line 1969, in _exec_single_context
    self.dialect.do_execute(
  File "C:\Users\User\AppData\Local\Programs\Python\Python311\Lib\site-packages\sqlalchemy\engine\default.py", line 952, in do_execute
    cursor.execute(statement, parameters)
  File "C:\Users\User\AppData\Local\Programs\Python\Python311\Lib\site-packages\sqlalchemy\dialects\sqlite\aiosqlite.py", line 183, in execute
    self._adapt_connection._handle_exception(error)
  File "C:\Users\User\AppData\Local\Programs\Python\Python311\Lib\site-packages\sqlalchemy\dialects\sqlite\aiosqlite.py", line 343, in _handle_exception
    raise error
  File "C:\Users\User\AppData\Local\Programs\Python\Python311\Lib\site-packages\sqlalchemy\dialects\sqlite\aiosqlite.py", line 165, in execute
    self.await_(_cursor.execute(operation, parameters))
  File "C:\Users\User\AppData\Local\Programs\Python\Python311\Lib\site-packages\sqlalchemy\util\_concurrency_py3k.py", line 132, in await_only
    return current.parent.switch(awaitable)  # type: ignore[no-any-return,attr-defined] # noqa: E501
           ^^^^^^^^^^^^^^^^^^^^^^^^^^^^^^^^
  File "C:\Users\User\AppData\Local\Programs\Python\Python311\Lib\site-packages\sqlalchemy\util\_concurrency_py3k.py", line 196, in greenlet_spawn
    value = await result
            ^^^^^^^^^^^^
  File "C:\Users\User\AppData\Local\Programs\Python\Python311\Lib\site-packages\aiosqlite\cursor.py", line 40, in execute
    await self._execute(self._cursor.execute, sql, parameters)
  File "C:\Users\User\AppData\Local\Programs\Python\Python311\Lib\site-packages\aiosqlite\cursor.py", line 32, in _execute
    return await self._conn._execute(fn, *args, **kwargs)
           ^^^^^^^^^^^^^^^^^^^^^^^^^^^^^^^^^^^^^^^^^^^^^^
  File "C:\Users\User\AppData\Local\Programs\Python\Python311\Lib\site-packages\aiosqlite\core.py", line 160, in _execute
    return await future
           ^^^^^^^^^^^^
  File "C:\Users\User\AppData\Local\Programs\Python\Python311\Lib\site-packages\aiosqlite\core.py", line 63, in _connection_worker_thread
    result = function()
             ^^^^^^^^^^
sqlalchemy.exc.OperationalError: (sqlite3.OperationalError) duplicate column name: nfe_access_key
[SQL: ALTER TABLE real_orders ADD COLUMN nfe_access_key VARCHAR(64) DEFAULT '']
(Background on this error at: https://sqlalche.me/e/20/e3q8)
ERROR:    Exception in ASGI application
Traceback (most recent call last):
  File "C:\Users\User\AppData\Local\Programs\Python\Python311\Lib\site-packages\sqlalchemy\engine\base.py", line 1969, in _exec_single_context
    self.dialect.do_execute(
  File "C:\Users\User\AppData\Local\Programs\Python\Python311\Lib\site-packages\sqlalchemy\engine\default.py", line 952, in do_execute
    cursor.execute(statement, parameters)
  File "C:\Users\User\AppData\Local\Programs\Python\Python311\Lib\site-packages\sqlalchemy\dialects\sqlite\aiosqlite.py", line 183, in execute
    self._adapt_connection._handle_exception(error)
  File "C:\Users\User\AppData\Local\Programs\Python\Python311\Lib\site-packages\sqlalchemy\dialects\sqlite\aiosqlite.py", line 343, in _handle_exception
    raise error
  File "C:\Users\User\AppData\Local\Programs\Python\Python311\Lib\site-packages\sqlalchemy\dialects\sqlite\aiosqlite.py", line 165, in execute
    self.await_(_cursor.execute(operation, parameters))
  File "C:\Users\User\AppData\Local\Programs\Python\Python311\Lib\site-packages\sqlalchemy\util\_concurrency_py3k.py", line 132, in await_only
    return current.parent.switch(awaitable)  # type: ignore[no-any-return,attr-defined] # noqa: E501
           ^^^^^^^^^^^^^^^^^^^^^^^^^^^^^^^^
  File "C:\Users\User\AppData\Local\Programs\Python\Python311\Lib\site-packages\sqlalchemy\util\_concurrency_py3k.py", line 196, in greenlet_spawn
    value = await result
            ^^^^^^^^^^^^
  File "C:\Users\User\AppData\Local\Programs\Python\Python311\Lib\site-packages\aiosqlite\cursor.py", line 40, in execute
    await self._execute(self._cursor.execute, sql, parameters)
  File "C:\Users\User\AppData\Local\Programs\Python\Python311\Lib\site-packages\aiosqlite\cursor.py", line 32, in _execute
    return await self._conn._execute(fn, *args, **kwargs)
           ^^^^^^^^^^^^^^^^^^^^^^^^^^^^^^^^^^^^^^^^^^^^^^
  File "C:\Users\User\AppData\Local\Programs\Python\Python311\Lib\site-packages\aiosqlite\core.py", line 160, in _execute
    return await future
           ^^^^^^^^^^^^
  File "C:\Users\User\AppData\Local\Programs\Python\Python311\Lib\site-packages\aiosqlite\core.py", line 63, in _connection_worker_thread
    result = function()
             ^^^^^^^^^^
sqlite3.OperationalError: database is locked

The above exception was the direct cause of the following exception:

Traceback (most recent call last):
  File "C:\Users\User\AppData\Local\Programs\Python\Python311\Lib\site-packages\uvicorn\protocols\http\httptools_impl.py", line 422, in run_asgi
    result = await app(  # type: ignore[func-returns-value]
             ^^^^^^^^^^^^^^^^^^^^^^^^^^^^^^^^^^^^^^^^^^^^^^
  File "C:\Users\User\AppData\Local\Programs\Python\Python311\Lib\site-packages\uvicorn\middleware\proxy_headers.py", line 63, in __call__
    return await self.app(scope, receive, send)
           ^^^^^^^^^^^^^^^^^^^^^^^^^^^^^^^^^^^^
  File "C:\Users\User\AppData\Local\Programs\Python\Python311\Lib\site-packages\fastapi\applications.py", line 1163, in __call__
    await super().__call__(scope, receive, send)
  File "C:\Users\User\AppData\Local\Programs\Python\Python311\Lib\site-packages\starlette\applications.py", line 90, in __call__
    await self.middleware_stack(scope, receive, send)
  File "C:\Users\User\AppData\Local\Programs\Python\Python311\Lib\site-packages\starlette\middleware\errors.py", line 186, in __call__
    raise exc
  File "C:\Users\User\AppData\Local\Programs\Python\Python311\Lib\site-packages\starlette\middleware\errors.py", line 164, in __call__
    await self.app(scope, receive, _send)
  File "C:\Users\User\AppData\Local\Programs\Python\Python311\Lib\site-packages\starlette\middleware\cors.py", line 88, in __call__
    await self.app(scope, receive, send)
  File "C:\Users\User\AppData\Local\Programs\Python\Python311\Lib\site-packages\starlette\middleware\exceptions.py", line 63, in __call__
    await wrap_app_handling_exceptions(self.app, conn)(scope, receive, send)
  File "C:\Users\User\AppData\Local\Programs\Python\Python311\Lib\site-packages\starlette\_exception_handler.py", line 53, in wrapped_app
    raise exc
  File "C:\Users\User\AppData\Local\Programs\Python\Python311\Lib\site-packages\starlette\_exception_handler.py", line 42, in wrapped_app
    await app(scope, receive, sender)
  File "C:\Users\User\AppData\Local\Programs\Python\Python311\Lib\site-packages\fastapi\middleware\asyncexitstack.py", line 18, in __call__
    await self.app(scope, receive, send)
  File "C:\Users\User\AppData\Local\Programs\Python\Python311\Lib\site-packages\starlette\routing.py", line 660, in __call__
    await self.middleware_stack(scope, receive, send)
  File "C:\Users\User\AppData\Local\Programs\Python\Python311\Lib\site-packages\fastapi\routing.py", line 2685, in app
    await route.handle(scope, receive, send)
  File "C:\Users\User\AppData\Local\Programs\Python\Python311\Lib\site-packages\fastapi\routing.py", line 1766, in handle
    await self.original_router.handle(scope, receive, send)
  File "C:\Users\User\AppData\Local\Programs\Python\Python311\Lib\site-packages\fastapi\routing.py", line 2740, in handle
    await included_router._handle_selected(scope, receive, send)
  File "C:\Users\User\AppData\Local\Programs\Python\Python311\Lib\site-packages\fastapi\routing.py", line 1786, in _handle_selected
    await original_route.handle(scope, receive, send)
  File "C:\Users\User\AppData\Local\Programs\Python\Python311\Lib\site-packages\fastapi\routing.py", line 1265, in handle
    await app(scope, receive, send)
  File "C:\Users\User\AppData\Local\Programs\Python\Python311\Lib\site-packages\fastapi\routing.py", line 151, in app
    await wrap_app_handling_exceptions(app, request)(scope, receive, send)
  File "C:\Users\User\AppData\Local\Programs\Python\Python311\Lib\site-packages\starlette\_exception_handler.py", line 53, in wrapped_app
    raise exc
  File "C:\Users\User\AppData\Local\Programs\Python\Python311\Lib\site-packages\starlette\_exception_handler.py", line 42, in wrapped_app
    await app(scope, receive, sender)
  File "C:\Users\User\AppData\Local\Programs\Python\Python311\Lib\site-packages\fastapi\routing.py", line 137, in app
    response = await f(request)
               ^^^^^^^^^^^^^^^^
  File "C:\Users\User\AppData\Local\Programs\Python\Python311\Lib\site-packages\fastapi\routing.py", line 691, in app
    raw_response = await run_endpoint_function(
                   ^^^^^^^^^^^^^^^^^^^^^^^^^^^^
  File "C:\Users\User\AppData\Local\Programs\Python\Python311\Lib\site-packages\fastapi\routing.py", line 345, in run_endpoint_function
    return await dependant.call(**values)
           ^^^^^^^^^^^^^^^^^^^^^^^^^^^^^^
  File "G:\Meu Drive\BASE ANTIGRAVITY\apps\api\src\presentation\routers\web_ui.py", line 23, in get_web_ui
    await seed_operators_if_empty()
  File "G:\Meu Drive\BASE ANTIGRAVITY\apps\api\src\presentation\routers\operators.py", line 83, in seed_operators_if_empty
    await init_db()
  File "G:\Meu Drive\BASE ANTIGRAVITY\apps\api\src\infrastructure\database.py", line 260, in init_db
    await conn.run_sync(_ensure_bling_config_columns)
  File "C:\Users\User\AppData\Local\Programs\Python\Python311\Lib\site-packages\sqlalchemy\ext\asyncio\engine.py", line 888, in run_sync
    return await greenlet_spawn(
           ^^^^^^^^^^^^^^^^^^^^^
  File "C:\Users\User\AppData\Local\Programs\Python\Python311\Lib\site-packages\sqlalchemy\util\_concurrency_py3k.py", line 201, in greenlet_spawn
    result = context.throw(*sys.exc_info())
             ^^^^^^^^^^^^^^^^^^^^^^^^^^^^^^
  File "G:\Meu Drive\BASE ANTIGRAVITY\apps\api\src\infrastructure\database.py", line 338, in _ensure_bling_config_columns
    _ensure_columns(
  File "G:\Meu Drive\BASE ANTIGRAVITY\apps\api\src\infrastructure\database.py", line 282, in _ensure_columns
    sync_conn.exec_driver_sql(sql)
  File "C:\Users\User\AppData\Local\Programs\Python\Python311\Lib\site-packages\sqlalchemy\engine\base.py", line 1781, in exec_driver_sql
    ret = self._execute_context(
          ^^^^^^^^^^^^^^^^^^^^^^
  File "C:\Users\User\AppData\Local\Programs\Python\Python311\Lib\site-packages\sqlalchemy\engine\base.py", line 1848, in _execute_context
    return self._exec_single_context(
           ^^^^^^^^^^^^^^^^^^^^^^^^^^
  File "C:\Users\User\AppData\Local\Programs\Python\Python311\Lib\site-packages\sqlalchemy\engine\base.py", line 1988, in _exec_single_context
    self._handle_dbapi_exception(
  File "C:\Users\User\AppData\Local\Programs\Python\Python311\Lib\site-packages\sqlalchemy\engine\base.py", line 2365, in _handle_dbapi_exception
    raise sqlalchemy_exception.with_traceback(exc_info[2]) from e
  File "C:\Users\User\AppData\Local\Programs\Python\Python311\Lib\site-packages\sqlalchemy\engine\base.py", line 1969, in _exec_single_context
    self.dialect.do_execute(
  File "C:\Users\User\AppData\Local\Programs\Python\Python311\Lib\site-packages\sqlalchemy\engine\default.py", line 952, in do_execute
    cursor.execute(statement, parameters)
  File "C:\Users\User\AppData\Local\Programs\Python\Python311\Lib\site-packages\sqlalchemy\dialects\sqlite\aiosqlite.py", line 183, in execute
    self._adapt_connection._handle_exception(error)
  File "C:\Users\User\AppData\Local\Programs\Python\Python311\Lib\site-packages\sqlalchemy\dialects\sqlite\aiosqlite.py", line 343, in _handle_exception
    raise error
  File "C:\Users\User\AppData\Local\Programs\Python\Python311\Lib\site-packages\sqlalchemy\dialects\sqlite\aiosqlite.py", line 165, in execute
    self.await_(_cursor.execute(operation, parameters))
  File "C:\Users\User\AppData\Local\Programs\Python\Python311\Lib\site-packages\sqlalchemy\util\_concurrency_py3k.py", line 132, in await_only
    return current.parent.switch(awaitable)  # type: ignore[no-any-return,attr-defined] # noqa: E501
           ^^^^^^^^^^^^^^^^^^^^^^^^^^^^^^^^
  File "C:\Users\User\AppData\Local\Programs\Python\Python311\Lib\site-packages\sqlalchemy\util\_concurrency_py3k.py", line 196, in greenlet_spawn
    value = await result
            ^^^^^^^^^^^^
  File "C:\Users\User\AppData\Local\Programs\Python\Python311\Lib\site-packages\aiosqlite\cursor.py", line 40, in execute
    await self._execute(self._cursor.execute, sql, parameters)
  File "C:\Users\User\AppData\Local\Programs\Python\Python311\Lib\site-packages\aiosqlite\cursor.py", line 32, in _execute
    return await self._conn._execute(fn, *args, **kwargs)
           ^^^^^^^^^^^^^^^^^^^^^^^^^^^^^^^^^^^^^^^^^^^^^^
  File "C:\Users\User\AppData\Local\Programs\Python\Python311\Lib\site-packages\aiosqlite\core.py", line 160, in _execute
    return await future
           ^^^^^^^^^^^^
  File "C:\Users\User\AppData\Local\Programs\Python\Python311\Lib\site-packages\aiosqlite\core.py", line 63, in _connection_worker_thread
    result = function()
             ^^^^^^^^^^
sqlalchemy.exc.OperationalError: (sqlite3.OperationalError) database is locked
[SQL: ALTER TABLE bling_config ADD COLUMN client_id TEXT DEFAULT '']
(Background on this error at: https://sqlalche.me/e/20/e3q8)
ERROR:    Exception in ASGI application
Traceback (most recent call last):
  File "C:\Users\User\AppData\Local\Programs\Python\Python311\Lib\site-packages\sqlalchemy\engine\base.py", line 1969, in _exec_single_context
    self.dialect.do_execute(
  File "C:\Users\User\AppData\Local\Programs\Python\Python311\Lib\site-packages\sqlalchemy\engine\default.py", line 952, in do_execute
    cursor.execute(statement, parameters)
  File "C:\Users\User\AppData\Local\Programs\Python\Python311\Lib\site-packages\sqlalchemy\dialects\sqlite\aiosqlite.py", line 183, in execute
    self._adapt_connection._handle_exception(error)
  File "C:\Users\User\AppData\Local\Programs\Python\Python311\Lib\site-packages\sqlalchemy\dialects\sqlite\aiosqlite.py", line 343, in _handle_exception
    raise error
  File "C:\Users\User\AppData\Local\Programs\Python\Python311\Lib\site-packages\sqlalchemy\dialects\sqlite\aiosqlite.py", line 165, in execute
    self.await_(_cursor.execute(operation, parameters))
  File "C:\Users\User\AppData\Local\Programs\Python\Python311\Lib\site-packages\sqlalchemy\util\_concurrency_py3k.py", line 132, in await_only
    return current.parent.switch(awaitable)  # type: ignore[no-any-return,attr-defined] # noqa: E501
           ^^^^^^^^^^^^^^^^^^^^^^^^^^^^^^^^
  File "C:\Users\User\AppData\Local\Programs\Python\Python311\Lib\site-packages\sqlalchemy\util\_concurrency_py3k.py", line 196, in greenlet_spawn
    value = await result
            ^^^^^^^^^^^^
  File "C:\Users\User\AppData\Local\Programs\Python\Python311\Lib\site-packages\aiosqlite\cursor.py", line 40, in execute
    await self._execute(self._cursor.execute, sql, parameters)
  File "C:\Users\User\AppData\Local\Programs\Python\Python311\Lib\site-packages\aiosqlite\cursor.py", line 32, in _execute
    return await self._conn._execute(fn, *args, **kwargs)
           ^^^^^^^^^^^^^^^^^^^^^^^^^^^^^^^^^^^^^^^^^^^^^^
  File "C:\Users\User\AppData\Local\Programs\Python\Python311\Lib\site-packages\aiosqlite\core.py", line 160, in _execute
    return await future
           ^^^^^^^^^^^^
  File "C:\Users\User\AppData\Local\Programs\Python\Python311\Lib\site-packages\aiosqlite\core.py", line 63, in _connection_worker_thread
    result = function()
             ^^^^^^^^^^
sqlite3.OperationalError: database is locked

The above exception was the direct cause of the following exception:

Traceback (most recent call last):
  File "C:\Users\User\AppData\Local\Programs\Python\Python311\Lib\site-packages\uvicorn\protocols\http\httptools_impl.py", line 422, in run_asgi
    result = await app(  # type: ignore[func-returns-value]
             ^^^^^^^^^^^^^^^^^^^^^^^^^^^^^^^^^^^^^^^^^^^^^^
  File "C:\Users\User\AppData\Local\Programs\Python\Python311\Lib\site-packages\uvicorn\middleware\proxy_headers.py", line 63, in __call__
    return await self.app(scope, receive, send)
           ^^^^^^^^^^^^^^^^^^^^^^^^^^^^^^^^^^^^
  File "C:\Users\User\AppData\Local\Programs\Python\Python311\Lib\site-packages\fastapi\applications.py", line 1163, in __call__
    await super().__call__(scope, receive, send)
  File "C:\Users\User\AppData\Local\Programs\Python\Python311\Lib\site-packages\starlette\applications.py", line 90, in __call__
    await self.middleware_stack(scope, receive, send)
  File "C:\Users\User\AppData\Local\Programs\Python\Python311\Lib\site-packages\starlette\middleware\errors.py", line 186, in __call__
    raise exc
  File "C:\Users\User\AppData\Local\Programs\Python\Python311\Lib\site-packages\starlette\middleware\errors.py", line 164, in __call__
    await self.app(scope, receive, _send)
  File "C:\Users\User\AppData\Local\Programs\Python\Python311\Lib\site-packages\starlette\middleware\cors.py", line 88, in __call__
    await self.app(scope, receive, send)
  File "C:\Users\User\AppData\Local\Programs\Python\Python311\Lib\site-packages\starlette\middleware\exceptions.py", line 63, in __call__
    await wrap_app_handling_exceptions(self.app, conn)(scope, receive, send)
  File "C:\Users\User\AppData\Local\Programs\Python\Python311\Lib\site-packages\starlette\_exception_handler.py", line 53, in wrapped_app
    raise exc
  File "C:\Users\User\AppData\Local\Programs\Python\Python311\Lib\site-packages\starlette\_exception_handler.py", line 42, in wrapped_app
    await app(scope, receive, sender)
  File "C:\Users\User\AppData\Local\Programs\Python\Python311\Lib\site-packages\fastapi\middleware\asyncexitstack.py", line 18, in __call__
    await self.app(scope, receive, send)
  File "C:\Users\User\AppData\Local\Programs\Python\Python311\Lib\site-packages\starlette\routing.py", line 660, in __call__
    await self.middleware_stack(scope, receive, send)
  File "C:\Users\User\AppData\Local\Programs\Python\Python311\Lib\site-packages\fastapi\routing.py", line 2685, in app
    await route.handle(scope, receive, send)
  File "C:\Users\User\AppData\Local\Programs\Python\Python311\Lib\site-packages\fastapi\routing.py", line 1766, in handle
    await self.original_router.handle(scope, receive, send)
  File "C:\Users\User\AppData\Local\Programs\Python\Python311\Lib\site-packages\fastapi\routing.py", line 2740, in handle
    await included_router._handle_selected(scope, receive, send)
  File "C:\Users\User\AppData\Local\Programs\Python\Python311\Lib\site-packages\fastapi\routing.py", line 1786, in _handle_selected
    await original_route.handle(scope, receive, send)
  File "C:\Users\User\AppData\Local\Programs\Python\Python311\Lib\site-packages\fastapi\routing.py", line 1265, in handle
    await app(scope, receive, send)
  File "C:\Users\User\AppData\Local\Programs\Python\Python311\Lib\site-packages\fastapi\routing.py", line 151, in app
    await wrap_app_handling_exceptions(app, request)(scope, receive, send)
  File "C:\Users\User\AppData\Local\Programs\Python\Python311\Lib\site-packages\starlette\_exception_handler.py", line 53, in wrapped_app
    raise exc
  File "C:\Users\User\AppData\Local\Programs\Python\Python311\Lib\site-packages\starlette\_exception_handler.py", line 42, in wrapped_app
    await app(scope, receive, sender)
  File "C:\Users\User\AppData\Local\Programs\Python\Python311\Lib\site-packages\fastapi\routing.py", line 137, in app
    response = await f(request)
               ^^^^^^^^^^^^^^^^
  File "C:\Users\User\AppData\Local\Programs\Python\Python311\Lib\site-packages\fastapi\routing.py", line 691, in app
    raw_response = await run_endpoint_function(
                   ^^^^^^^^^^^^^^^^^^^^^^^^^^^^
  File "C:\Users\User\AppData\Local\Programs\Python\Python311\Lib\site-packages\fastapi\routing.py", line 345, in run_endpoint_function
    return await dependant.call(**values)
           ^^^^^^^^^^^^^^^^^^^^^^^^^^^^^^
  File "G:\Meu Drive\BASE ANTIGRAVITY\apps\api\src\presentation\routers\web_ui.py", line 23, in get_web_ui
    await seed_operators_if_empty()
  File "G:\Meu Drive\BASE ANTIGRAVITY\apps\api\src\presentation\routers\operators.py", line 83, in seed_operators_if_empty
    await init_db()
  File "G:\Meu Drive\BASE ANTIGRAVITY\apps\api\src\infrastructure\database.py", line 259, in init_db
    await conn.run_sync(_ensure_real_orders_columns)
  File "C:\Users\User\AppData\Local\Programs\Python\Python311\Lib\site-packages\sqlalchemy\ext\asyncio\engine.py", line 888, in run_sync
    return await greenlet_spawn(
           ^^^^^^^^^^^^^^^^^^^^^
  File "C:\Users\User\AppData\Local\Programs\Python\Python311\Lib\site-packages\sqlalchemy\util\_concurrency_py3k.py", line 201, in greenlet_spawn
    result = context.throw(*sys.exc_info())
             ^^^^^^^^^^^^^^^^^^^^^^^^^^^^^^
  File "G:\Meu Drive\BASE ANTIGRAVITY\apps\api\src\infrastructure\database.py", line 306, in _ensure_real_orders_columns
    _ensure_columns(
  File "G:\Meu Drive\BASE ANTIGRAVITY\apps\api\src\infrastructure\database.py", line 282, in _ensure_columns
    sync_conn.exec_driver_sql(sql)
  File "C:\Users\User\AppData\Local\Programs\Python\Python311\Lib\site-packages\sqlalchemy\engine\base.py", line 1781, in exec_driver_sql
    ret = self._execute_context(
          ^^^^^^^^^^^^^^^^^^^^^^
  File "C:\Users\User\AppData\Local\Programs\Python\Python311\Lib\site-packages\sqlalchemy\engine\base.py", line 1848, in _execute_context
    return self._exec_single_context(
           ^^^^^^^^^^^^^^^^^^^^^^^^^^
  File "C:\Users\User\AppData\Local\Programs\Python\Python311\Lib\site-packages\sqlalchemy\engine\base.py", line 1988, in _exec_single_context
    self._handle_dbapi_exception(
  File "C:\Users\User\AppData\Local\Programs\Python\Python311\Lib\site-packages\sqlalchemy\engine\base.py", line 2365, in _handle_dbapi_exception
    raise sqlalchemy_exception.with_traceback(exc_info[2]) from e
  File "C:\Users\User\AppData\Local\Programs\Python\Python311\Lib\site-packages\sqlalchemy\engine\base.py", line 1969, in _exec_single_context
    self.dialect.do_execute(
  File "C:\Users\User\AppData\Local\Programs\Python\Python311\Lib\site-packages\sqlalchemy\engine\default.py", line 952, in do_execute
    cursor.execute(statement, parameters)
  File "C:\Users\User\AppData\Local\Programs\Python\Python311\Lib\site-packages\sqlalchemy\dialects\sqlite\aiosqlite.py", line 183, in execute
    self._adapt_connection._handle_exception(error)
  File "C:\Users\User\AppData\Local\Programs\Python\Python311\Lib\site-packages\sqlalchemy\dialects\sqlite\aiosqlite.py", line 343, in _handle_exception
    raise error
  File "C:\Users\User\AppData\Local\Programs\Python\Python311\Lib\site-packages\sqlalchemy\dialects\sqlite\aiosqlite.py", line 165, in execute
    self.await_(_cursor.execute(operation, parameters))
  File "C:\Users\User\AppData\Local\Programs\Python\Python311\Lib\site-packages\sqlalchemy\util\_concurrency_py3k.py", line 132, in await_only
    return current.parent.switch(awaitable)  # type: ignore[no-any-return,attr-defined] # noqa: E501
           ^^^^^^^^^^^^^^^^^^^^^^^^^^^^^^^^
  File "C:\Users\User\AppData\Local\Programs\Python\Python311\Lib\site-packages\sqlalchemy\util\_concurrency_py3k.py", line 196, in greenlet_spawn
    value = await result
            ^^^^^^^^^^^^
  File "C:\Users\User\AppData\Local\Programs\Python\Python311\Lib\site-packages\aiosqlite\cursor.py", line 40, in execute
    await self._execute(self._cursor.execute, sql, parameters)
  File "C:\Users\User\AppData\Local\Programs\Python\Python311\Lib\site-packages\aiosqlite\cursor.py", line 32, in _execute
    return await self._conn._execute(fn, *args, **kwargs)
           ^^^^^^^^^^^^^^^^^^^^^^^^^^^^^^^^^^^^^^^^^^^^^^
  File "C:\Users\User\AppData\Local\Programs\Python\Python311\Lib\site-packages\aiosqlite\core.py", line 160, in _execute
    return await future
           ^^^^^^^^^^^^
  File "C:\Users\User\AppData\Local\Programs\Python\Python311\Lib\site-packages\aiosqlite\core.py", line 63, in _connection_worker_thread
    result = function()
             ^^^^^^^^^^
sqlalchemy.exc.OperationalError: (sqlite3.OperationalError) database is locked
[SQL: ALTER TABLE real_orders ADD COLUMN nfe_access_key VARCHAR(64) DEFAULT '']
(Background on this error at: https://sqlalche.me/e/20/e3q8)
ERROR:    Exception in ASGI application
Traceback (most recent call last):
  File "C:\Users\User\AppData\Local\Programs\Python\Python311\Lib\site-packages\sqlalchemy\engine\base.py", line 1969, in _exec_single_context
    self.dialect.do_execute(
  File "C:\Users\User\AppData\Local\Programs\Python\Python311\Lib\site-packages\sqlalchemy\engine\default.py", line 952, in do_execute
    cursor.execute(statement, parameters)
  File "C:\Users\User\AppData\Local\Programs\Python\Python311\Lib\site-packages\sqlalchemy\dialects\sqlite\aiosqlite.py", line 183, in execute
    self._adapt_connection._handle_exception(error)
  File "C:\Users\User\AppData\Local\Programs\Python\Python311\Lib\site-packages\sqlalchemy\dialects\sqlite\aiosqlite.py", line 343, in _handle_exception
    raise error
  File "C:\Users\User\AppData\Local\Programs\Python\Python311\Lib\site-packages\sqlalchemy\dialects\sqlite\aiosqlite.py", line 165, in execute
    self.await_(_cursor.execute(operation, parameters))
  File "C:\Users\User\AppData\Local\Programs\Python\Python311\Lib\site-packages\sqlalchemy\util\_concurrency_py3k.py", line 132, in await_only
    return current.parent.switch(awaitable)  # type: ignore[no-any-return,attr-defined] # noqa: E501
           ^^^^^^^^^^^^^^^^^^^^^^^^^^^^^^^^
  File "C:\Users\User\AppData\Local\Programs\Python\Python311\Lib\site-packages\sqlalchemy\util\_concurrency_py3k.py", line 196, in greenlet_spawn
    value = await result
            ^^^^^^^^^^^^
  File "C:\Users\User\AppData\Local\Programs\Python\Python311\Lib\site-packages\aiosqlite\cursor.py", line 40, in execute
    await self._execute(self._cursor.execute, sql, parameters)
  File "C:\Users\User\AppData\Local\Programs\Python\Python311\Lib\site-packages\aiosqlite\cursor.py", line 32, in _execute
    return await self._conn._execute(fn, *args, **kwargs)
           ^^^^^^^^^^^^^^^^^^^^^^^^^^^^^^^^^^^^^^^^^^^^^^
  File "C:\Users\User\AppData\Local\Programs\Python\Python311\Lib\site-packages\aiosqlite\core.py", line 160, in _execute
    return await future
           ^^^^^^^^^^^^
  File "C:\Users\User\AppData\Local\Programs\Python\Python311\Lib\site-packages\aiosqlite\core.py", line 63, in _connection_worker_thread
    result = function()
             ^^^^^^^^^^
sqlite3.OperationalError: database is locked

The above exception was the direct cause of the following exception:

Traceback (most recent call last):
  File "C:\Users\User\AppData\Local\Programs\Python\Python311\Lib\site-packages\uvicorn\protocols\http\httptools_impl.py", line 422, in run_asgi
    result = await app(  # type: ignore[func-returns-value]
             ^^^^^^^^^^^^^^^^^^^^^^^^^^^^^^^^^^^^^^^^^^^^^^
  File "C:\Users\User\AppData\Local\Programs\Python\Python311\Lib\site-packages\uvicorn\middleware\proxy_headers.py", line 63, in __call__
    return await self.app(scope, receive, send)
           ^^^^^^^^^^^^^^^^^^^^^^^^^^^^^^^^^^^^
  File "C:\Users\User\AppData\Local\Programs\Python\Python311\Lib\site-packages\fastapi\applications.py", line 1163, in __call__
    await super().__call__(scope, receive, send)
  File "C:\Users\User\AppData\Local\Programs\Python\Python311\Lib\site-packages\starlette\applications.py", line 90, in __call__
    await self.middleware_stack(scope, receive, send)
  File "C:\Users\User\AppData\Local\Programs\Python\Python311\Lib\site-packages\starlette\middleware\errors.py", line 186, in __call__
    raise exc
  File "C:\Users\User\AppData\Local\Programs\Python\Python311\Lib\site-packages\starlette\middleware\errors.py", line 164, in __call__
    await self.app(scope, receive, _send)
  File "C:\Users\User\AppData\Local\Programs\Python\Python311\Lib\site-packages\starlette\middleware\cors.py", line 88, in __call__
    await self.app(scope, receive, send)
  File "C:\Users\User\AppData\Local\Programs\Python\Python311\Lib\site-packages\starlette\middleware\exceptions.py", line 63, in __call__
    await wrap_app_handling_exceptions(self.app, conn)(scope, receive, send)
  File "C:\Users\User\AppData\Local\Programs\Python\Python311\Lib\site-packages\starlette\_exception_handler.py", line 53, in wrapped_app
    raise exc
  File "C:\Users\User\AppData\Local\Programs\Python\Python311\Lib\site-packages\starlette\_exception_handler.py", line 42, in wrapped_app
    await app(scope, receive, sender)
  File "C:\Users\User\AppData\Local\Programs\Python\Python311\Lib\site-packages\fastapi\middleware\asyncexitstack.py", line 18, in __call__
    await self.app(scope, receive, send)
  File "C:\Users\User\AppData\Local\Programs\Python\Python311\Lib\site-packages\starlette\routing.py", line 660, in __call__
    await self.middleware_stack(scope, receive, send)
  File "C:\Users\User\AppData\Local\Programs\Python\Python311\Lib\site-packages\fastapi\routing.py", line 2685, in app
    await route.handle(scope, receive, send)
  File "C:\Users\User\AppData\Local\Programs\Python\Python311\Lib\site-packages\fastapi\routing.py", line 1766, in handle
    await self.original_router.handle(scope, receive, send)
  File "C:\Users\User\AppData\Local\Programs\Python\Python311\Lib\site-packages\fastapi\routing.py", line 2740, in handle
    await included_router._handle_selected(scope, receive, send)
  File "C:\Users\User\AppData\Local\Programs\Python\Python311\Lib\site-packages\fastapi\routing.py", line 1786, in _handle_selected
    await original_route.handle(scope, receive, send)
  File "C:\Users\User\AppData\Local\Programs\Python\Python311\Lib\site-packages\fastapi\routing.py", line 1265, in handle
    await app(scope, receive, send)
  File "C:\Users\User\AppData\Local\Programs\Python\Python311\Lib\site-packages\fastapi\routing.py", line 151, in app
    await wrap_app_handling_exceptions(app, request)(scope, receive, send)
  File "C:\Users\User\AppData\Local\Programs\Python\Python311\Lib\site-packages\starlette\_exception_handler.py", line 53, in wrapped_app
    raise exc
  File "C:\Users\User\AppData\Local\Programs\Python\Python311\Lib\site-packages\starlette\_exception_handler.py", line 42, in wrapped_app
    await app(scope, receive, sender)
  File "C:\Users\User\AppData\Local\Programs\Python\Python311\Lib\site-packages\fastapi\routing.py", line 137, in app
    response = await f(request)
               ^^^^^^^^^^^^^^^^
  File "C:\Users\User\AppData\Local\Programs\Python\Python311\Lib\site-packages\fastapi\routing.py", line 691, in app
    raw_response = await run_endpoint_function(
                   ^^^^^^^^^^^^^^^^^^^^^^^^^^^^
  File "C:\Users\User\AppData\Local\Programs\Python\Python311\Lib\site-packages\fastapi\routing.py", line 345, in run_endpoint_function
    return await dependant.call(**values)
           ^^^^^^^^^^^^^^^^^^^^^^^^^^^^^^
  File "G:\Meu Drive\BASE ANTIGRAVITY\apps\api\src\presentation\routers\web_ui.py", line 23, in get_web_ui
    await seed_operators_if_empty()
  File "G:\Meu Drive\BASE ANTIGRAVITY\apps\api\src\presentation\routers\operators.py", line 83, in seed_operators_if_empty
    await init_db()
  File "G:\Meu Drive\BASE ANTIGRAVITY\apps\api\src\infrastructure\database.py", line 259, in init_db
    await conn.run_sync(_ensure_real_orders_columns)
  File "C:\Users\User\AppData\Local\Programs\Python\Python311\Lib\site-packages\sqlalchemy\ext\asyncio\engine.py", line 888, in run_sync
    return await greenlet_spawn(
           ^^^^^^^^^^^^^^^^^^^^^
  File "C:\Users\User\AppData\Local\Programs\Python\Python311\Lib\site-packages\sqlalchemy\util\_concurrency_py3k.py", line 201, in greenlet_spawn
    result = context.throw(*sys.exc_info())
             ^^^^^^^^^^^^^^^^^^^^^^^^^^^^^^
  File "G:\Meu Drive\BASE ANTIGRAVITY\apps\api\src\infrastructure\database.py", line 306, in _ensure_real_orders_columns
    _ensure_columns(
  File "G:\Meu Drive\BASE ANTIGRAVITY\apps\api\src\infrastructure\database.py", line 282, in _ensure_columns
    sync_conn.exec_driver_sql(sql)
  File "C:\Users\User\AppData\Local\Programs\Python\Python311\Lib\site-packages\sqlalchemy\engine\base.py", line 1781, in exec_driver_sql
    ret = self._execute_context(
          ^^^^^^^^^^^^^^^^^^^^^^
  File "C:\Users\User\AppData\Local\Programs\Python\Python311\Lib\site-packages\sqlalchemy\engine\base.py", line 1848, in _execute_context
    return self._exec_single_context(
           ^^^^^^^^^^^^^^^^^^^^^^^^^^
  File "C:\Users\User\AppData\Local\Programs\Python\Python311\Lib\site-packages\sqlalchemy\engine\base.py", line 1988, in _exec_single_context
    self._handle_dbapi_exception(
  File "C:\Users\User\AppData\Local\Programs\Python\Python311\Lib\site-packages\sqlalchemy\engine\base.py", line 2365, in _handle_dbapi_exception
    raise sqlalchemy_exception.with_traceback(exc_info[2]) from e
  File "C:\Users\User\AppData\Local\Programs\Python\Python311\Lib\site-packages\sqlalchemy\engine\base.py", line 1969, in _exec_single_context
    self.dialect.do_execute(
  File "C:\Users\User\AppData\Local\Programs\Python\Python311\Lib\site-packages\sqlalchemy\engine\default.py", line 952, in do_execute
    cursor.execute(statement, parameters)
  File "C:\Users\User\AppData\Local\Programs\Python\Python311\Lib\site-packages\sqlalchemy\dialects\sqlite\aiosqlite.py", line 183, in execute
    self._adapt_connection._handle_exception(error)
  File "C:\Users\User\AppData\Local\Programs\Python\Python311\Lib\site-packages\sqlalchemy\dialects\sqlite\aiosqlite.py", line 343, in _handle_exception
    raise error
  File "C:\Users\User\AppData\Local\Programs\Python\Python311\Lib\site-packages\sqlalchemy\dialects\sqlite\aiosqlite.py", line 165, in execute
    self.await_(_cursor.execute(operation, parameters))
  File "C:\Users\User\AppData\Local\Programs\Python\Python311\Lib\site-packages\sqlalchemy\util\_concurrency_py3k.py", line 132, in await_only
    return current.parent.switch(awaitable)  # type: ignore[no-any-return,attr-defined] # noqa: E501
           ^^^^^^^^^^^^^^^^^^^^^^^^^^^^^^^^
  File "C:\Users\User\AppData\Local\Programs\Python\Python311\Lib\site-packages\sqlalchemy\util\_concurrency_py3k.py", line 196, in greenlet_spawn
    value = await result
            ^^^^^^^^^^^^
  File "C:\Users\User\AppData\Local\Programs\Python\Python311\Lib\site-packages\aiosqlite\cursor.py", line 40, in execute
    await self._execute(self._cursor.execute, sql, parameters)
  File "C:\Users\User\AppData\Local\Programs\Python\Python311\Lib\site-packages\aiosqlite\cursor.py", line 32, in _execute
    return await self._conn._execute(fn, *args, **kwargs)
           ^^^^^^^^^^^^^^^^^^^^^^^^^^^^^^^^^^^^^^^^^^^^^^
  File "C:\Users\User\AppData\Local\Programs\Python\Python311\Lib\site-packages\aiosqlite\core.py", line 160, in _execute
    return await future
           ^^^^^^^^^^^^
  File "C:\Users\User\AppData\Local\Programs\Python\Python311\Lib\site-packages\aiosqlite\core.py", line 63, in _connection_worker_thread
    result = function()
             ^^^^^^^^^^
sqlalchemy.exc.OperationalError: (sqlite3.OperationalError) database is locked
[SQL: ALTER TABLE real_orders ADD COLUMN nfe_access_key VARCHAR(64) DEFAULT '']
(Background on this error at: https://sqlalche.me/e/20/e3q8)
ERROR:    Exception in ASGI application
Traceback (most recent call last):
  File "C:\Users\User\AppData\Local\Programs\Python\Python311\Lib\site-packages\sqlalchemy\engine\base.py", line 1969, in _exec_single_context
    self.dialect.do_execute(
  File "C:\Users\User\AppData\Local\Programs\Python\Python311\Lib\site-packages\sqlalchemy\engine\default.py", line 952, in do_execute
    cursor.execute(statement, parameters)
  File "C:\Users\User\AppData\Local\Programs\Python\Python311\Lib\site-packages\sqlalchemy\dialects\sqlite\aiosqlite.py", line 183, in execute
    self._adapt_connection._handle_exception(error)
  File "C:\Users\User\AppData\Local\Programs\Python\Python311\Lib\site-packages\sqlalchemy\dialects\sqlite\aiosqlite.py", line 343, in _handle_exception
    raise error
  File "C:\Users\User\AppData\Local\Programs\Python\Python311\Lib\site-packages\sqlalchemy\dialects\sqlite\aiosqlite.py", line 165, in execute
    self.await_(_cursor.execute(operation, parameters))
  File "C:\Users\User\AppData\Local\Programs\Python\Python311\Lib\site-packages\sqlalchemy\util\_concurrency_py3k.py", line 132, in await_only
    return current.parent.switch(awaitable)  # type: ignore[no-any-return,attr-defined] # noqa: E501
           ^^^^^^^^^^^^^^^^^^^^^^^^^^^^^^^^
  File "C:\Users\User\AppData\Local\Programs\Python\Python311\Lib\site-packages\sqlalchemy\util\_concurrency_py3k.py", line 196, in greenlet_spawn
    value = await result
            ^^^^^^^^^^^^
  File "C:\Users\User\AppData\Local\Programs\Python\Python311\Lib\site-packages\aiosqlite\cursor.py", line 40, in execute
    await self._execute(self._cursor.execute, sql, parameters)
  File "C:\Users\User\AppData\Local\Programs\Python\Python311\Lib\site-packages\aiosqlite\cursor.py", line 32, in _execute
    return await self._conn._execute(fn, *args, **kwargs)
           ^^^^^^^^^^^^^^^^^^^^^^^^^^^^^^^^^^^^^^^^^^^^^^
  File "C:\Users\User\AppData\Local\Programs\Python\Python311\Lib\site-packages\aiosqlite\core.py", line 160, in _execute
    return await future
           ^^^^^^^^^^^^
  File "C:\Users\User\AppData\Local\Programs\Python\Python311\Lib\site-packages\aiosqlite\core.py", line 63, in _connection_worker_thread
    result = function()
             ^^^^^^^^^^
sqlite3.OperationalError: duplicate column name: client_id

The above exception was the direct cause of the following exception:

Traceback (most recent call last):
  File "C:\Users\User\AppData\Local\Programs\Python\Python311\Lib\site-packages\uvicorn\protocols\http\httptools_impl.py", line 422, in run_asgi
    result = await app(  # type: ignore[func-returns-value]
             ^^^^^^^^^^^^^^^^^^^^^^^^^^^^^^^^^^^^^^^^^^^^^^
  File "C:\Users\User\AppData\Local\Programs\Python\Python311\Lib\site-packages\uvicorn\middleware\proxy_headers.py", line 63, in __call__
    return await self.app(scope, receive, send)
           ^^^^^^^^^^^^^^^^^^^^^^^^^^^^^^^^^^^^
  File "C:\Users\User\AppData\Local\Programs\Python\Python311\Lib\site-packages\fastapi\applications.py", line 1163, in __call__
    await super().__call__(scope, receive, send)
  File "C:\Users\User\AppData\Local\Programs\Python\Python311\Lib\site-packages\starlette\applications.py", line 90, in __call__
    await self.middleware_stack(scope, receive, send)
  File "C:\Users\User\AppData\Local\Programs\Python\Python311\Lib\site-packages\starlette\middleware\errors.py", line 186, in __call__
    raise exc
  File "C:\Users\User\AppData\Local\Programs\Python\Python311\Lib\site-packages\starlette\middleware\errors.py", line 164, in __call__
    await self.app(scope, receive, _send)
  File "C:\Users\User\AppData\Local\Programs\Python\Python311\Lib\site-packages\starlette\middleware\cors.py", line 88, in __call__
    await self.app(scope, receive, send)
  File "C:\Users\User\AppData\Local\Programs\Python\Python311\Lib\site-packages\starlette\middleware\exceptions.py", line 63, in __call__
    await wrap_app_handling_exceptions(self.app, conn)(scope, receive, send)
  File "C:\Users\User\AppData\Local\Programs\Python\Python311\Lib\site-packages\starlette\_exception_handler.py", line 53, in wrapped_app
    raise exc
  File "C:\Users\User\AppData\Local\Programs\Python\Python311\Lib\site-packages\starlette\_exception_handler.py", line 42, in wrapped_app
    await app(scope, receive, sender)
  File "C:\Users\User\AppData\Local\Programs\Python\Python311\Lib\site-packages\fastapi\middleware\asyncexitstack.py", line 18, in __call__
    await self.app(scope, receive, send)
  File "C:\Users\User\AppData\Local\Programs\Python\Python311\Lib\site-packages\starlette\routing.py", line 660, in __call__
    await self.middleware_stack(scope, receive, send)
  File "C:\Users\User\AppData\Local\Programs\Python\Python311\Lib\site-packages\fastapi\routing.py", line 2685, in app
    await route.handle(scope, receive, send)
  File "C:\Users\User\AppData\Local\Programs\Python\Python311\Lib\site-packages\fastapi\routing.py", line 1766, in handle
    await self.original_router.handle(scope, receive, send)
  File "C:\Users\User\AppData\Local\Programs\Python\Python311\Lib\site-packages\fastapi\routing.py", line 2740, in handle
    await included_router._handle_selected(scope, receive, send)
  File "C:\Users\User\AppData\Local\Programs\Python\Python311\Lib\site-packages\fastapi\routing.py", line 1786, in _handle_selected
    await original_route.handle(scope, receive, send)
  File "C:\Users\User\AppData\Local\Programs\Python\Python311\Lib\site-packages\fastapi\routing.py", line 1265, in handle
    await app(scope, receive, send)
  File "C:\Users\User\AppData\Local\Programs\Python\Python311\Lib\site-packages\fastapi\routing.py", line 151, in app
    await wrap_app_handling_exceptions(app, request)(scope, receive, send)
  File "C:\Users\User\AppData\Local\Programs\Python\Python311\Lib\site-packages\starlette\_exception_handler.py", line 53, in wrapped_app
    raise exc
  File "C:\Users\User\AppData\Local\Programs\Python\Python311\Lib\site-packages\starlette\_exception_handler.py", line 42, in wrapped_app
    await app(scope, receive, sender)
  File "C:\Users\User\AppData\Local\Programs\Python\Python311\Lib\site-packages\fastapi\routing.py", line 137, in app
    response = await f(request)
               ^^^^^^^^^^^^^^^^
  File "C:\Users\User\AppData\Local\Programs\Python\Python311\Lib\site-packages\fastapi\routing.py", line 691, in app
    raw_response = await run_endpoint_function(
                   ^^^^^^^^^^^^^^^^^^^^^^^^^^^^
  File "C:\Users\User\AppData\Local\Programs\Python\Python311\Lib\site-packages\fastapi\routing.py", line 345, in run_endpoint_function
    return await dependant.call(**values)
           ^^^^^^^^^^^^^^^^^^^^^^^^^^^^^^
  File "G:\Meu Drive\BASE ANTIGRAVITY\apps\api\src\presentation\routers\web_ui.py", line 23, in get_web_ui
    await seed_operators_if_empty()
  File "G:\Meu Drive\BASE ANTIGRAVITY\apps\api\src\presentation\routers\operators.py", line 83, in seed_operators_if_empty
    await init_db()
  File "G:\Meu Drive\BASE ANTIGRAVITY\apps\api\src\infrastructure\database.py", line 260, in init_db
    await conn.run_sync(_ensure_bling_config_columns)
  File "C:\Users\User\AppData\Local\Programs\Python\Python311\Lib\site-packages\sqlalchemy\ext\asyncio\engine.py", line 888, in run_sync
    return await greenlet_spawn(
           ^^^^^^^^^^^^^^^^^^^^^
  File "C:\Users\User\AppData\Local\Programs\Python\Python311\Lib\site-packages\sqlalchemy\util\_concurrency_py3k.py", line 201, in greenlet_spawn
    result = context.throw(*sys.exc_info())
             ^^^^^^^^^^^^^^^^^^^^^^^^^^^^^^
  File "G:\Meu Drive\BASE ANTIGRAVITY\apps\api\src\infrastructure\database.py", line 338, in _ensure_bling_config_columns
    _ensure_columns(
  File "G:\Meu Drive\BASE ANTIGRAVITY\apps\api\src\infrastructure\database.py", line 282, in _ensure_columns
    sync_conn.exec_driver_sql(sql)
  File "C:\Users\User\AppData\Local\Programs\Python\Python311\Lib\site-packages\sqlalchemy\engine\base.py", line 1781, in exec_driver_sql
    ret = self._execute_context(
          ^^^^^^^^^^^^^^^^^^^^^^
  File "C:\Users\User\AppData\Local\Programs\Python\Python311\Lib\site-packages\sqlalchemy\engine\base.py", line 1848, in _execute_context
    return self._exec_single_context(
           ^^^^^^^^^^^^^^^^^^^^^^^^^^
  File "C:\Users\User\AppData\Local\Programs\Python\Python311\Lib\site-packages\sqlalchemy\engine\base.py", line 1988, in _exec_single_context
    self._handle_dbapi_exception(
  File "C:\Users\User\AppData\Local\Programs\Python\Python311\Lib\site-packages\sqlalchemy\engine\base.py", line 2365, in _handle_dbapi_exception
    raise sqlalchemy_exception.with_traceback(exc_info[2]) from e
  File "C:\Users\User\AppData\Local\Programs\Python\Python311\Lib\site-packages\sqlalchemy\engine\base.py", line 1969, in _exec_single_context
    self.dialect.do_execute(
  File "C:\Users\User\AppData\Local\Programs\Python\Python311\Lib\site-packages\sqlalchemy\engine\default.py", line 952, in do_execute
    cursor.execute(statement, parameters)
  File "C:\Users\User\AppData\Local\Programs\Python\Python311\Lib\site-packages\sqlalchemy\dialects\sqlite\aiosqlite.py", line 183, in execute
    self._adapt_connection._handle_exception(error)
  File "C:\Users\User\AppData\Local\Programs\Python\Python311\Lib\site-packages\sqlalchemy\dialects\sqlite\aiosqlite.py", line 343, in _handle_exception
    raise error
  File "C:\Users\User\AppData\Local\Programs\Python\Python311\Lib\site-packages\sqlalchemy\dialects\sqlite\aiosqlite.py", line 165, in execute
    self.await_(_cursor.execute(operation, parameters))
  File "C:\Users\User\AppData\Local\Programs\Python\Python311\Lib\site-packages\sqlalchemy\util\_concurrency_py3k.py", line 132, in await_only
    return current.parent.switch(awaitable)  # type: ignore[no-any-return,attr-defined] # noqa: E501
           ^^^^^^^^^^^^^^^^^^^^^^^^^^^^^^^^
  File "C:\Users\User\AppData\Local\Programs\Python\Python311\Lib\site-packages\sqlalchemy\util\_concurrency_py3k.py", line 196, in greenlet_spawn
    value = await result
            ^^^^^^^^^^^^
  File "C:\Users\User\AppData\Local\Programs\Python\Python311\Lib\site-packages\aiosqlite\cursor.py", line 40, in execute
    await self._execute(self._cursor.execute, sql, parameters)
  File "C:\Users\User\AppData\Local\Programs\Python\Python311\Lib\site-packages\aiosqlite\cursor.py", line 32, in _execute
    return await self._conn._execute(fn, *args, **kwargs)
           ^^^^^^^^^^^^^^^^^^^^^^^^^^^^^^^^^^^^^^^^^^^^^^
  File "C:\Users\User\AppData\Local\Programs\Python\Python311\Lib\site-packages\aiosqlite\core.py", line 160, in _execute
    return await future
           ^^^^^^^^^^^^
  File "C:\Users\User\AppData\Local\Programs\Python\Python311\Lib\site-packages\aiosqlite\core.py", line 63, in _connection_worker_thread
    result = function()
             ^^^^^^^^^^
sqlalchemy.exc.OperationalError: (sqlite3.OperationalError) duplicate column name: client_id
[SQL: ALTER TABLE bling_config ADD COLUMN client_id TEXT DEFAULT '']
(Background on this error at: https://sqlalche.me/e/20/e3q8)
ERROR:    Exception in ASGI application
Traceback (most recent call last):
  File "C:\Users\User\AppData\Local\Programs\Python\Python311\Lib\site-packages\sqlalchemy\engine\base.py", line 1969, in _exec_single_context
    self.dialect.do_execute(
  File "C:\Users\User\AppData\Local\Programs\Python\Python311\Lib\site-packages\sqlalchemy\engine\default.py", line 952, in do_execute
    cursor.execute(statement, parameters)
  File "C:\Users\User\AppData\Local\Programs\Python\Python311\Lib\site-packages\sqlalchemy\dialects\sqlite\aiosqlite.py", line 183, in execute
    self._adapt_connection._handle_exception(error)
  File "C:\Users\User\AppData\Local\Programs\Python\Python311\Lib\site-packages\sqlalchemy\dialects\sqlite\aiosqlite.py", line 343, in _handle_exception
    raise error
  File "C:\Users\User\AppData\Local\Programs\Python\Python311\Lib\site-packages\sqlalchemy\dialects\sqlite\aiosqlite.py", line 165, in execute
    self.await_(_cursor.execute(operation, parameters))
  File "C:\Users\User\AppData\Local\Programs\Python\Python311\Lib\site-packages\sqlalchemy\util\_concurrency_py3k.py", line 132, in await_only
    return current.parent.switch(awaitable)  # type: ignore[no-any-return,attr-defined] # noqa: E501
           ^^^^^^^^^^^^^^^^^^^^^^^^^^^^^^^^
  File "C:\Users\User\AppData\Local\Programs\Python\Python311\Lib\site-packages\sqlalchemy\util\_concurrency_py3k.py", line 196, in greenlet_spawn
    value = await result
            ^^^^^^^^^^^^
  File "C:\Users\User\AppData\Local\Programs\Python\Python311\Lib\site-packages\aiosqlite\cursor.py", line 40, in execute
    await self._execute(self._cursor.execute, sql, parameters)
  File "C:\Users\User\AppData\Local\Programs\Python\Python311\Lib\site-packages\aiosqlite\cursor.py", line 32, in _execute
    return await self._conn._execute(fn, *args, **kwargs)
           ^^^^^^^^^^^^^^^^^^^^^^^^^^^^^^^^^^^^^^^^^^^^^^
  File "C:\Users\User\AppData\Local\Programs\Python\Python311\Lib\site-packages\aiosqlite\core.py", line 160, in _execute
    return await future
           ^^^^^^^^^^^^
  File "C:\Users\User\AppData\Local\Programs\Python\Python311\Lib\site-packages\aiosqlite\core.py", line 63, in _connection_worker_thread
    result = function()
             ^^^^^^^^^^
sqlite3.OperationalError: no such column: real_orders.ml_billing_inject_status

The above exception was the direct cause of the following exception:

Traceback (most recent call last):
  File "C:\Users\User\AppData\Local\Programs\Python\Python311\Lib\site-packages\uvicorn\protocols\http\httptools_impl.py", line 422, in run_asgi
    result = await app(  # type: ignore[func-returns-value]
             ^^^^^^^^^^^^^^^^^^^^^^^^^^^^^^^^^^^^^^^^^^^^^^
  File "C:\Users\User\AppData\Local\Programs\Python\Python311\Lib\site-packages\uvicorn\middleware\proxy_headers.py", line 63, in __call__
    return await self.app(scope, receive, send)
           ^^^^^^^^^^^^^^^^^^^^^^^^^^^^^^^^^^^^
  File "C:\Users\User\AppData\Local\Programs\Python\Python311\Lib\site-packages\fastapi\applications.py", line 1163, in __call__
    await super().__call__(scope, receive, send)
  File "C:\Users\User\AppData\Local\Programs\Python\Python311\Lib\site-packages\starlette\applications.py", line 90, in __call__
    await self.middleware_stack(scope, receive, send)
  File "C:\Users\User\AppData\Local\Programs\Python\Python311\Lib\site-packages\starlette\middleware\errors.py", line 186, in __call__
    raise exc
  File "C:\Users\User\AppData\Local\Programs\Python\Python311\Lib\site-packages\starlette\middleware\errors.py", line 164, in __call__
    await self.app(scope, receive, _send)
  File "C:\Users\User\AppData\Local\Programs\Python\Python311\Lib\site-packages\starlette\middleware\cors.py", line 88, in __call__
    await self.app(scope, receive, send)
  File "C:\Users\User\AppData\Local\Programs\Python\Python311\Lib\site-packages\starlette\middleware\exceptions.py", line 63, in __call__
    await wrap_app_handling_exceptions(self.app, conn)(scope, receive, send)
  File "C:\Users\User\AppData\Local\Programs\Python\Python311\Lib\site-packages\starlette\_exception_handler.py", line 53, in wrapped_app
    raise exc
  File "C:\Users\User\AppData\Local\Programs\Python\Python311\Lib\site-packages\starlette\_exception_handler.py", line 42, in wrapped_app
    await app(scope, receive, sender)
  File "C:\Users\User\AppData\Local\Programs\Python\Python311\Lib\site-packages\fastapi\middleware\asyncexitstack.py", line 18, in __call__
    await self.app(scope, receive, send)
  File "C:\Users\User\AppData\Local\Programs\Python\Python311\Lib\site-packages\starlette\routing.py", line 660, in __call__
    await self.middleware_stack(scope, receive, send)
  File "C:\Users\User\AppData\Local\Programs\Python\Python311\Lib\site-packages\fastapi\routing.py", line 2685, in app
    await route.handle(scope, receive, send)
  File "C:\Users\User\AppData\Local\Programs\Python\Python311\Lib\site-packages\fastapi\routing.py", line 1766, in handle
    await self.original_router.handle(scope, receive, send)
  File "C:\Users\User\AppData\Local\Programs\Python\Python311\Lib\site-packages\fastapi\routing.py", line 2740, in handle
    await included_router._handle_selected(scope, receive, send)
  File "C:\Users\User\AppData\Local\Programs\Python\Python311\Lib\site-packages\fastapi\routing.py", line 1786, in _handle_selected
    await original_route.handle(scope, receive, send)
  File "C:\Users\User\AppData\Local\Programs\Python\Python311\Lib\site-packages\fastapi\routing.py", line 1265, in handle
    await app(scope, receive, send)
  File "C:\Users\User\AppData\Local\Programs\Python\Python311\Lib\site-packages\fastapi\routing.py", line 151, in app
    await wrap_app_handling_exceptions(app, request)(scope, receive, send)
  File "C:\Users\User\AppData\Local\Programs\Python\Python311\Lib\site-packages\starlette\_exception_handler.py", line 53, in wrapped_app
    raise exc
  File "C:\Users\User\AppData\Local\Programs\Python\Python311\Lib\site-packages\starlette\_exception_handler.py", line 42, in wrapped_app
    await app(scope, receive, sender)
  File "C:\Users\User\AppData\Local\Programs\Python\Python311\Lib\site-packages\fastapi\routing.py", line 137, in app
    response = await f(request)
               ^^^^^^^^^^^^^^^^
  File "C:\Users\User\AppData\Local\Programs\Python\Python311\Lib\site-packages\fastapi\routing.py", line 691, in app
    raw_response = await run_endpoint_function(
                   ^^^^^^^^^^^^^^^^^^^^^^^^^^^^
  File "C:\Users\User\AppData\Local\Programs\Python\Python311\Lib\site-packages\fastapi\routing.py", line 345, in run_endpoint_function
    return await dependant.call(**values)
           ^^^^^^^^^^^^^^^^^^^^^^^^^^^^^^
  File "G:\Meu Drive\BASE ANTIGRAVITY\apps\api\src\presentation\routers\web_ui.py", line 37, in get_web_ui
    order_res = await session.execute(select(RealOrderDB).order_by(RealOrderDB.id.desc()))
                ^^^^^^^^^^^^^^^^^^^^^^^^^^^^^^^^^^^^^^^^^^^^^^^^^^^^^^^^^^^^^^^^^^^^^^^^^^
  File "C:\Users\User\AppData\Local\Programs\Python\Python311\Lib\site-packages\sqlalchemy\ext\asyncio\session.py", line 448, in execute
    result = await greenlet_spawn(
             ^^^^^^^^^^^^^^^^^^^^^
  File "C:\Users\User\AppData\Local\Programs\Python\Python311\Lib\site-packages\sqlalchemy\util\_concurrency_py3k.py", line 201, in greenlet_spawn
    result = context.throw(*sys.exc_info())
             ^^^^^^^^^^^^^^^^^^^^^^^^^^^^^^
  File "C:\Users\User\AppData\Local\Programs\Python\Python311\Lib\site-packages\sqlalchemy\orm\session.py", line 2373, in execute
    return self._execute_internal(
           ^^^^^^^^^^^^^^^^^^^^^^^
  File "C:\Users\User\AppData\Local\Programs\Python\Python311\Lib\site-packages\sqlalchemy\orm\session.py", line 2271, in _execute_internal
    result: Result[Any] = compile_state_cls.orm_execute_statement(
                          ^^^^^^^^^^^^^^^^^^^^^^^^^^^^^^^^^^^^^^^^
  File "C:\Users\User\AppData\Local\Programs\Python\Python311\Lib\site-packages\sqlalchemy\orm\context.py", line 306, in orm_execute_statement
    result = conn.execute(
             ^^^^^^^^^^^^^
  File "C:\Users\User\AppData\Local\Programs\Python\Python311\Lib\site-packages\sqlalchemy\engine\base.py", line 1421, in execute
    return meth(
           ^^^^^
  File "C:\Users\User\AppData\Local\Programs\Python\Python311\Lib\site-packages\sqlalchemy\sql\elements.py", line 526, in _execute_on_connection
    return connection._execute_clauseelement(
           ^^^^^^^^^^^^^^^^^^^^^^^^^^^^^^^^^^
  File "C:\Users\User\AppData\Local\Programs\Python\Python311\Lib\site-packages\sqlalchemy\engine\base.py", line 1643, in _execute_clauseelement
    ret = self._execute_context(
          ^^^^^^^^^^^^^^^^^^^^^^
  File "C:\Users\User\AppData\Local\Programs\Python\Python311\Lib\site-packages\sqlalchemy\engine\base.py", line 1848, in _execute_context
    return self._exec_single_context(
           ^^^^^^^^^^^^^^^^^^^^^^^^^^
  File "C:\Users\User\AppData\Local\Programs\Python\Python311\Lib\site-packages\sqlalchemy\engine\base.py", line 1988, in _exec_single_context
    self._handle_dbapi_exception(
  File "C:\Users\User\AppData\Local\Programs\Python\Python311\Lib\site-packages\sqlalchemy\engine\base.py", line 2365, in _handle_dbapi_exception
    raise sqlalchemy_exception.with_traceback(exc_info[2]) from e
  File "C:\Users\User\AppData\Local\Programs\Python\Python311\Lib\site-packages\sqlalchemy\engine\base.py", line 1969, in _exec_single_context
    self.dialect.do_execute(
  File "C:\Users\User\AppData\Local\Programs\Python\Python311\Lib\site-packages\sqlalchemy\engine\default.py", line 952, in do_execute
    cursor.execute(statement, parameters)
  File "C:\Users\User\AppData\Local\Programs\Python\Python311\Lib\site-packages\sqlalchemy\dialects\sqlite\aiosqlite.py", line 183, in execute
    self._adapt_connection._handle_exception(error)
  File "C:\Users\User\AppData\Local\Programs\Python\Python311\Lib\site-packages\sqlalchemy\dialects\sqlite\aiosqlite.py", line 343, in _handle_exception
    raise error
  File "C:\Users\User\AppData\Local\Programs\Python\Python311\Lib\site-packages\sqlalchemy\dialects\sqlite\aiosqlite.py", line 165, in execute
    self.await_(_cursor.execute(operation, parameters))
  File "C:\Users\User\AppData\Local\Programs\Python\Python311\Lib\site-packages\sqlalchemy\util\_concurrency_py3k.py", line 132, in await_only
    return current.parent.switch(awaitable)  # type: ignore[no-any-return,attr-defined] # noqa: E501
           ^^^^^^^^^^^^^^^^^^^^^^^^^^^^^^^^
  File "C:\Users\User\AppData\Local\Programs\Python\Python311\Lib\site-packages\sqlalchemy\util\_concurrency_py3k.py", line 196, in greenlet_spawn
    value = await result
            ^^^^^^^^^^^^
  File "C:\Users\User\AppData\Local\Programs\Python\Python311\Lib\site-packages\aiosqlite\cursor.py", line 40, in execute
    await self._execute(self._cursor.execute, sql, parameters)
  File "C:\Users\User\AppData\Local\Programs\Python\Python311\Lib\site-packages\aiosqlite\cursor.py", line 32, in _execute
    return await self._conn._execute(fn, *args, **kwargs)
           ^^^^^^^^^^^^^^^^^^^^^^^^^^^^^^^^^^^^^^^^^^^^^^
  File "C:\Users\User\AppData\Local\Programs\Python\Python311\Lib\site-packages\aiosqlite\core.py", line 160, in _execute
    return await future
           ^^^^^^^^^^^^
  File "C:\Users\User\AppData\Local\Programs\Python\Python311\Lib\site-packages\aiosqlite\core.py", line 63, in _connection_worker_thread
    result = function()
             ^^^^^^^^^^
sqlalchemy.exc.OperationalError: (sqlite3.OperationalError) no such column: real_orders.ml_billing_inject_status
[SQL: SELECT real_orders.id, real_orders.external_id, real_orders.customer_name, real_orders.customer_email, real_orders.customer_phone, real_orders.status_id, real_orders.status_name, real_orders.total_amount, real_orders.channel_name, real_orders.items_json, real_orders.created_at, real_orders.shipping_id, real_orders.shipping_status, real_orders.tracking_number, real_orders.shipping_address_json, real_orders.marketplace_fee, real_orders.buyer_doc, real_orders.pack_id, real_orders.enrichment_json, real_orders.picked_by, real_orders.picked_by_id, real_orders.picked_from_status_id, real_orders.picked_from_status_name, real_orders.picked_at, real_orders.bling_pedido_id, real_orders.bling_nfe_id, real_orders.bling_status, real_orders.bling_last_error, real_orders.bling_pushed_at, real_orders.nfe_access_key, real_orders.ml_billing_inject_status, real_orders.zpl_status, real_orders.zpl_path, real_orders.zpl_ready_at, real_orders.zpl_armed, real_orders.zpl_content, real_orders.zpl_printed_at 
FROM real_orders ORDER BY real_orders.id DESC]
(Background on this error at: https://sqlalche.me/e/20/e3q8)
WARNING:  WatchFiles detected changes in 'src\presentation\routers\web_ui.py'. Reloading...
ERROR:    Exception in ASGI application
Traceback (most recent call last):
  File "C:\Users\User\AppData\Local\Programs\Python\Python311\Lib\site-packages\sqlalchemy\engine\base.py", line 1969, in _exec_single_context
    self.dialect.do_execute(
  File "C:\Users\User\AppData\Local\Programs\Python\Python311\Lib\site-packages\sqlalchemy\engine\default.py", line 952, in do_execute
    cursor.execute(statement, parameters)
  File "C:\Users\User\AppData\Local\Programs\Python\Python311\Lib\site-packages\sqlalchemy\dialects\sqlite\aiosqlite.py", line 183, in execute
    self._adapt_connection._handle_exception(error)
  File "C:\Users\User\AppData\Local\Programs\Python\Python311\Lib\site-packages\sqlalchemy\dialects\sqlite\aiosqlite.py", line 343, in _handle_exception
    raise error
  File "C:\Users\User\AppData\Local\Programs\Python\Python311\Lib\site-packages\sqlalchemy\dialects\sqlite\aiosqlite.py", line 165, in execute
    self.await_(_cursor.execute(operation, parameters))
  File "C:\Users\User\AppData\Local\Programs\Python\Python311\Lib\site-packages\sqlalchemy\util\_concurrency_py3k.py", line 132, in await_only
    return current.parent.switch(awaitable)  # type: ignore[no-any-return,attr-defined] # noqa: E501
           ^^^^^^^^^^^^^^^^^^^^^^^^^^^^^^^^
  File "C:\Users\User\AppData\Local\Programs\Python\Python311\Lib\site-packages\sqlalchemy\util\_concurrency_py3k.py", line 196, in greenlet_spawn
    value = await result
            ^^^^^^^^^^^^
  File "C:\Users\User\AppData\Local\Programs\Python\Python311\Lib\site-packages\aiosqlite\cursor.py", line 40, in execute
    await self._execute(self._cursor.execute, sql, parameters)
  File "C:\Users\User\AppData\Local\Programs\Python\Python311\Lib\site-packages\aiosqlite\cursor.py", line 32, in _execute
    return await self._conn._execute(fn, *args, **kwargs)
           ^^^^^^^^^^^^^^^^^^^^^^^^^^^^^^^^^^^^^^^^^^^^^^
  File "C:\Users\User\AppData\Local\Programs\Python\Python311\Lib\site-packages\aiosqlite\core.py", line 160, in _execute
    return await future
           ^^^^^^^^^^^^
  File "C:\Users\User\AppData\Local\Programs\Python\Python311\Lib\site-packages\aiosqlite\core.py", line 63, in _connection_worker_thread
    result = function()
             ^^^^^^^^^^
sqlite3.OperationalError: no such column: real_orders.ml_billing_inject_status

The above exception was the direct cause of the following exception:

Traceback (most recent call last):
  File "C:\Users\User\AppData\Local\Programs\Python\Python311\Lib\site-packages\uvicorn\protocols\http\httptools_impl.py", line 422, in run_asgi
    result = await app(  # type: ignore[func-returns-value]
             ^^^^^^^^^^^^^^^^^^^^^^^^^^^^^^^^^^^^^^^^^^^^^^
  File "C:\Users\User\AppData\Local\Programs\Python\Python311\Lib\site-packages\uvicorn\middleware\proxy_headers.py", line 63, in __call__
    return await self.app(scope, receive, send)
           ^^^^^^^^^^^^^^^^^^^^^^^^^^^^^^^^^^^^
  File "C:\Users\User\AppData\Local\Programs\Python\Python311\Lib\site-packages\fastapi\applications.py", line 1163, in __call__
    await super().__call__(scope, receive, send)
  File "C:\Users\User\AppData\Local\Programs\Python\Python311\Lib\site-packages\starlette\applications.py", line 90, in __call__
    await self.middleware_stack(scope, receive, send)
  File "C:\Users\User\AppData\Local\Programs\Python\Python311\Lib\site-packages\starlette\middleware\errors.py", line 186, in __call__
    raise exc
  File "C:\Users\User\AppData\Local\Programs\Python\Python311\Lib\site-packages\starlette\middleware\errors.py", line 164, in __call__
    await self.app(scope, receive, _send)
  File "C:\Users\User\AppData\Local\Programs\Python\Python311\Lib\site-packages\starlette\middleware\cors.py", line 88, in __call__
    await self.app(scope, receive, send)
  File "C:\Users\User\AppData\Local\Programs\Python\Python311\Lib\site-packages\starlette\middleware\exceptions.py", line 63, in __call__
    await wrap_app_handling_exceptions(self.app, conn)(scope, receive, send)
  File "C:\Users\User\AppData\Local\Programs\Python\Python311\Lib\site-packages\starlette\_exception_handler.py", line 53, in wrapped_app
    raise exc
  File "C:\Users\User\AppData\Local\Programs\Python\Python311\Lib\site-packages\starlette\_exception_handler.py", line 42, in wrapped_app
    await app(scope, receive, sender)
  File "C:\Users\User\AppData\Local\Programs\Python\Python311\Lib\site-packages\fastapi\middleware\asyncexitstack.py", line 18, in __call__
    await self.app(scope, receive, send)
  File "C:\Users\User\AppData\Local\Programs\Python\Python311\Lib\site-packages\starlette\routing.py", line 660, in __call__
    await self.middleware_stack(scope, receive, send)
  File "C:\Users\User\AppData\Local\Programs\Python\Python311\Lib\site-packages\fastapi\routing.py", line 2685, in app
    await route.handle(scope, receive, send)
  File "C:\Users\User\AppData\Local\Programs\Python\Python311\Lib\site-packages\fastapi\routing.py", line 1766, in handle
    await self.original_router.handle(scope, receive, send)
  File "C:\Users\User\AppData\Local\Programs\Python\Python311\Lib\site-packages\fastapi\routing.py", line 2740, in handle
    await included_router._handle_selected(scope, receive, send)
  File "C:\Users\User\AppData\Local\Programs\Python\Python311\Lib\site-packages\fastapi\routing.py", line 1786, in _handle_selected
    await original_route.handle(scope, receive, send)
  File "C:\Users\User\AppData\Local\Programs\Python\Python311\Lib\site-packages\fastapi\routing.py", line 1265, in handle
    await app(scope, receive, send)
  File "C:\Users\User\AppData\Local\Programs\Python\Python311\Lib\site-packages\fastapi\routing.py", line 151, in app
    await wrap_app_handling_exceptions(app, request)(scope, receive, send)
  File "C:\Users\User\AppData\Local\Programs\Python\Python311\Lib\site-packages\starlette\_exception_handler.py", line 53, in wrapped_app
    raise exc
  File "C:\Users\User\AppData\Local\Programs\Python\Python311\Lib\site-packages\starlette\_exception_handler.py", line 42, in wrapped_app
    await app(scope, receive, sender)
  File "C:\Users\User\AppData\Local\Programs\Python\Python311\Lib\site-packages\fastapi\routing.py", line 137, in app
    response = await f(request)
               ^^^^^^^^^^^^^^^^
  File "C:\Users\User\AppData\Local\Programs\Python\Python311\Lib\site-packages\fastapi\routing.py", line 691, in app
    raw_response = await run_endpoint_function(
                   ^^^^^^^^^^^^^^^^^^^^^^^^^^^^
  File "C:\Users\User\AppData\Local\Programs\Python\Python311\Lib\site-packages\fastapi\routing.py", line 345, in run_endpoint_function
    return await dependant.call(**values)
           ^^^^^^^^^^^^^^^^^^^^^^^^^^^^^^
  File "G:\Meu Drive\BASE ANTIGRAVITY\apps\api\src\presentation\routers\web_ui.py", line 37, in get_web_ui
    order_res = await session.execute(select(RealOrderDB).order_by(RealOrderDB.id.desc()))
                ^^^^^^^^^^^^^^^^^^^^^^^^^^^^^^^^^^^^^^^^^^^^^^^^^^^^^^^^^^^^^^^^^^^^^^^^^^
  File "C:\Users\User\AppData\Local\Programs\Python\Python311\Lib\site-packages\sqlalchemy\ext\asyncio\session.py", line 448, in execute
    result = await greenlet_spawn(
             ^^^^^^^^^^^^^^^^^^^^^
  File "C:\Users\User\AppData\Local\Programs\Python\Python311\Lib\site-packages\sqlalchemy\util\_concurrency_py3k.py", line 201, in greenlet_spawn
    result = context.throw(*sys.exc_info())
             ^^^^^^^^^^^^^^^^^^^^^^^^^^^^^^
  File "C:\Users\User\AppData\Local\Programs\Python\Python311\Lib\site-packages\sqlalchemy\orm\session.py", line 2373, in execute
    return self._execute_internal(
           ^^^^^^^^^^^^^^^^^^^^^^^
  File "C:\Users\User\AppData\Local\Programs\Python\Python311\Lib\site-packages\sqlalchemy\orm\session.py", line 2271, in _execute_internal
    result: Result[Any] = compile_state_cls.orm_execute_statement(
                          ^^^^^^^^^^^^^^^^^^^^^^^^^^^^^^^^^^^^^^^^
  File "C:\Users\User\AppData\Local\Programs\Python\Python311\Lib\site-packages\sqlalchemy\orm\context.py", line 306, in orm_execute_statement
    result = conn.execute(
             ^^^^^^^^^^^^^
  File "C:\Users\User\AppData\Local\Programs\Python\Python311\Lib\site-packages\sqlalchemy\engine\base.py", line 1421, in execute
    return meth(
           ^^^^^
  File "C:\Users\User\AppData\Local\Programs\Python\Python311\Lib\site-packages\sqlalchemy\sql\elements.py", line 526, in _execute_on_connection
    return connection._execute_clauseelement(
           ^^^^^^^^^^^^^^^^^^^^^^^^^^^^^^^^^^
  File "C:\Users\User\AppData\Local\Programs\Python\Python311\Lib\site-packages\sqlalchemy\engine\base.py", line 1643, in _execute_clauseelement
    ret = self._execute_context(
          ^^^^^^^^^^^^^^^^^^^^^^
  File "C:\Users\User\AppData\Local\Programs\Python\Python311\Lib\site-packages\sqlalchemy\engine\base.py", line 1848, in _execute_context
    return self._exec_single_context(
           ^^^^^^^^^^^^^^^^^^^^^^^^^^
  File "C:\Users\User\AppData\Local\Programs\Python\Python311\Lib\site-packages\sqlalchemy\engine\base.py", line 1988, in _exec_single_context
    self._handle_dbapi_exception(
  File "C:\Users\User\AppData\Local\Programs\Python\Python311\Lib\site-packages\sqlalchemy\engine\base.py", line 2365, in _handle_dbapi_exception
    raise sqlalchemy_exception.with_traceback(exc_info[2]) from e
  File "C:\Users\User\AppData\Local\Programs\Python\Python311\Lib\site-packages\sqlalchemy\engine\base.py", line 1969, in _exec_single_context
    self.dialect.do_execute(
  File "C:\Users\User\AppData\Local\Programs\Python\Python311\Lib\site-packages\sqlalchemy\engine\default.py", line 952, in do_execute
    cursor.execute(statement, parameters)
  File "C:\Users\User\AppData\Local\Programs\Python\Python311\Lib\site-packages\sqlalchemy\dialects\sqlite\aiosqlite.py", line 183, in execute
    self._adapt_connection._handle_exception(error)
  File "C:\Users\User\AppData\Local\Programs\Python\Python311\Lib\site-packages\sqlalchemy\dialects\sqlite\aiosqlite.py", line 343, in _handle_exception
    raise error
  File "C:\Users\User\AppData\Local\Programs\Python\Python311\Lib\site-packages\sqlalchemy\dialects\sqlite\aiosqlite.py", line 165, in execute
    self.await_(_cursor.execute(operation, parameters))
  File "C:\Users\User\AppData\Local\Programs\Python\Python311\Lib\site-packages\sqlalchemy\util\_concurrency_py3k.py", line 132, in await_only
    return current.parent.switch(awaitable)  # type: ignore[no-any-return,attr-defined] # noqa: E501
           ^^^^^^^^^^^^^^^^^^^^^^^^^^^^^^^^
  File "C:\Users\User\AppData\Local\Programs\Python\Python311\Lib\site-packages\sqlalchemy\util\_concurrency_py3k.py", line 196, in greenlet_spawn
    value = await result
            ^^^^^^^^^^^^
  File "C:\Users\User\AppData\Local\Programs\Python\Python311\Lib\site-packages\aiosqlite\cursor.py", line 40, in execute
    await self._execute(self._cursor.execute, sql, parameters)
  File "C:\Users\User\AppData\Local\Programs\Python\Python311\Lib\site-packages\aiosqlite\cursor.py", line 32, in _execute
    return await self._conn._execute(fn, *args, **kwargs)
           ^^^^^^^^^^^^^^^^^^^^^^^^^^^^^^^^^^^^^^^^^^^^^^
  File "C:\Users\User\AppData\Local\Programs\Python\Python311\Lib\site-packages\aiosqlite\core.py", line 160, in _execute
    return await future
           ^^^^^^^^^^^^
  File "C:\Users\User\AppData\Local\Programs\Python\Python311\Lib\site-packages\aiosqlite\core.py", line 63, in _connection_worker_thread
    result = function()
             ^^^^^^^^^^
sqlalchemy.exc.OperationalError: (sqlite3.OperationalError) no such column: real_orders.ml_billing_inject_status
[SQL: SELECT real_orders.id, real_orders.external_id, real_orders.customer_name, real_orders.customer_email, real_orders.customer_phone, real_orders.status_id, real_orders.status_name, real_orders.total_amount, real_orders.channel_name, real_orders.items_json, real_orders.created_at, real_orders.shipping_id, real_orders.shipping_status, real_orders.tracking_number, real_orders.shipping_address_json, real_orders.marketplace_fee, real_orders.buyer_doc, real_orders.pack_id, real_orders.enrichment_json, real_orders.picked_by, real_orders.picked_by_id, real_orders.picked_from_status_id, real_orders.picked_from_status_name, real_orders.picked_at, real_orders.bling_pedido_id, real_orders.bling_nfe_id, real_orders.bling_status, real_orders.bling_last_error, real_orders.bling_pushed_at, real_orders.nfe_access_key, real_orders.ml_billing_inject_status, real_orders.zpl_status, real_orders.zpl_path, real_orders.zpl_ready_at, real_orders.zpl_armed, real_orders.zpl_content, real_orders.zpl_printed_at 
FROM real_orders ORDER BY real_orders.id DESC]
(Background on this error at: https://sqlalche.me/e/20/e3q8)
INFO:     Shutting down
INFO:     Waiting for application shutdown.
INFO:     Application shutdown complete.
INFO:     Finished server process [14644]
INFO:     Started server process [2976]
INFO:     Waiting for application startup.
INFO:     Application startup complete.
WARNING:  WatchFiles detected changes in 'src\presentation\routers\web_ui.py'. Reloading...
INFO:     Shutting down
INFO:     Waiting for connections to close. (CTRL+C to force quit)
INFO:     Waiting for application shutdown.
INFO:     Application shutdown complete.
INFO:     Finished server process [2976]
WARNING:  WatchFiles detected changes in 'src\presentation\routers\web_ui.py'. Reloading...
Process SpawnProcess-4:
Traceback (most recent call last):
  File "C:\Users\User\AppData\Local\Programs\Python\Python311\Lib\multiprocessing\process.py", line 314, in _bootstrap
    self.run()
  File "C:\Users\User\AppData\Local\Programs\Python\Python311\Lib\multiprocessing\process.py", line 108, in run
    self._target(*self._args, **self._kwargs)
  File "C:\Users\User\AppData\Local\Programs\Python\Python311\Lib\site-packages\uvicorn\_subprocess.py", line 80, in subprocess_started
    target(sockets=sockets)
  File "C:\Users\User\AppData\Local\Programs\Python\Python311\Lib\site-packages\uvicorn\server.py", line 74, in run
    return asyncio_run(self.serve(sockets=sockets), loop_factory=self.config.get_loop_factory())
           ^^^^^^^^^^^^^^^^^^^^^^^^^^^^^^^^^^^^^^^^^^^^^^^^^^^^^^^^^^^^^^^^^^^^^^^^^^^^^^^^^^^^^
  File "C:\Users\User\AppData\Local\Programs\Python\Python311\Lib\site-packages\uvicorn\_compat.py", line 30, in asyncio_run
    return runner.run(main)
           ^^^^^^^^^^^^^^^^
  File "C:\Users\User\AppData\Local\Programs\Python\Python311\Lib\asyncio\runners.py", line 118, in run
    return self._loop.run_until_complete(task)
           ^^^^^^^^^^^^^^^^^^^^^^^^^^^^^^^^^^^
  File "C:\Users\User\AppData\Local\Programs\Python\Python311\Lib\asyncio\base_events.py", line 654, in run_until_complete
    return future.result()
           ^^^^^^^^^^^^^^^
  File "C:\Users\User\AppData\Local\Programs\Python\Python311\Lib\site-packages\uvicorn\server.py", line 78, in serve
    await self._serve(sockets)
  File "C:\Users\User\AppData\Local\Programs\Python\Python311\Lib\site-packages\uvicorn\server.py", line 85, in _serve
    config.load()
  File "C:\Users\User\AppData\Local\Programs\Python\Python311\Lib\site-packages\uvicorn\config.py", line 493, in load
    self.loaded_app = self.load_app()
                      ^^^^^^^^^^^^^^^
  File "C:\Users\User\AppData\Local\Programs\Python\Python311\Lib\site-packages\uvicorn\config.py", line 427, in load_app
    return import_from_string(self.app)
           ^^^^^^^^^^^^^^^^^^^^^^^^^^^^
  File "C:\Users\User\AppData\Local\Programs\Python\Python311\Lib\site-packages\uvicorn\importer.py", line 19, in import_from_string
    module = importlib.import_module(module_str)
             ^^^^^^^^^^^^^^^^^^^^^^^^^^^^^^^^^^^
  File "C:\Users\User\AppData\Local\Programs\Python\Python311\Lib\importlib\__init__.py", line 126, in import_module
    return _bootstrap._gcd_import(name[level:], package, level)
           ^^^^^^^^^^^^^^^^^^^^^^^^^^^^^^^^^^^^^^^^^^^^^^^^^^^^
  File "<frozen importlib._bootstrap>", line 1204, in _gcd_import
  File "<frozen importlib._bootstrap>", line 1176, in _find_and_load
  File "<frozen importlib._bootstrap>", line 1147, in _find_and_load_unlocked
  File "<frozen importlib._bootstrap>", line 690, in _load_unlocked
  File "<frozen importlib._bootstrap_external>", line 940, in exec_module
  File "<frozen importlib._bootstrap>", line 241, in _call_with_frames_removed
  File "G:\Meu Drive\BASE ANTIGRAVITY\apps\api\src\main.py", line 38, in <module>
    app.include_router(web_ui.router)
                       ^^^^^^^^^^^^^
AttributeError: module 'src.presentation.routers.web_ui' has no attribute 'router'
INFO:     Started server process [1828]
INFO:     Waiting for application startup.
INFO:     Application startup complete.
ERROR:    Exception in ASGI application
Traceback (most recent call last):
  File "C:\Users\User\AppData\Local\Programs\Python\Python311\Lib\site-packages\sqlalchemy\engine\base.py", line 1969, in _exec_single_context
    self.dialect.do_execute(
  File "C:\Users\User\AppData\Local\Programs\Python\Python311\Lib\site-packages\sqlalchemy\engine\default.py", line 952, in do_execute
    cursor.execute(statement, parameters)
  File "C:\Users\User\AppData\Local\Programs\Python\Python311\Lib\site-packages\sqlalchemy\dialects\sqlite\aiosqlite.py", line 183, in execute
    self._adapt_connection._handle_exception(error)
  File "C:\Users\User\AppData\Local\Programs\Python\Python311\Lib\site-packages\sqlalchemy\dialects\sqlite\aiosqlite.py", line 343, in _handle_exception
    raise error
  File "C:\Users\User\AppData\Local\Programs\Python\Python311\Lib\site-packages\sqlalchemy\dialects\sqlite\aiosqlite.py", line 165, in execute
    self.await_(_cursor.execute(operation, parameters))
  File "C:\Users\User\AppData\Local\Programs\Python\Python311\Lib\site-packages\sqlalchemy\util\_concurrency_py3k.py", line 132, in await_only
    return current.parent.switch(awaitable)  # type: ignore[no-any-return,attr-defined] # noqa: E501
           ^^^^^^^^^^^^^^^^^^^^^^^^^^^^^^^^
  File "C:\Users\User\AppData\Local\Programs\Python\Python311\Lib\site-packages\sqlalchemy\util\_concurrency_py3k.py", line 196, in greenlet_spawn
    value = await result
            ^^^^^^^^^^^^
  File "C:\Users\User\AppData\Local\Programs\Python\Python311\Lib\site-packages\aiosqlite\cursor.py", line 40, in execute
    await self._execute(self._cursor.execute, sql, parameters)
  File "C:\Users\User\AppData\Local\Programs\Python\Python311\Lib\site-packages\aiosqlite\cursor.py", line 32, in _execute
    return await self._conn._execute(fn, *args, **kwargs)
           ^^^^^^^^^^^^^^^^^^^^^^^^^^^^^^^^^^^^^^^^^^^^^^
  File "C:\Users\User\AppData\Local\Programs\Python\Python311\Lib\site-packages\aiosqlite\core.py", line 160, in _execute
    return await future
           ^^^^^^^^^^^^
  File "C:\Users\User\AppData\Local\Programs\Python\Python311\Lib\site-packages\aiosqlite\core.py", line 63, in _connection_worker_thread
    result = function()
             ^^^^^^^^^^
sqlite3.OperationalError: no such column: real_orders.ml_billing_inject_status

The above exception was the direct cause of the following exception:

Traceback (most recent call last):
  File "C:\Users\User\AppData\Local\Programs\Python\Python311\Lib\site-packages\uvicorn\protocols\http\httptools_impl.py", line 422, in run_asgi
    result = await app(  # type: ignore[func-returns-value]
             ^^^^^^^^^^^^^^^^^^^^^^^^^^^^^^^^^^^^^^^^^^^^^^
  File "C:\Users\User\AppData\Local\Programs\Python\Python311\Lib\site-packages\uvicorn\middleware\proxy_headers.py", line 63, in __call__
    return await self.app(scope, receive, send)
           ^^^^^^^^^^^^^^^^^^^^^^^^^^^^^^^^^^^^
  File "C:\Users\User\AppData\Local\Programs\Python\Python311\Lib\site-packages\fastapi\applications.py", line 1163, in __call__
    await super().__call__(scope, receive, send)
  File "C:\Users\User\AppData\Local\Programs\Python\Python311\Lib\site-packages\starlette\applications.py", line 90, in __call__
    await self.middleware_stack(scope, receive, send)
  File "C:\Users\User\AppData\Local\Programs\Python\Python311\Lib\site-packages\starlette\middleware\errors.py", line 186, in __call__
    raise exc
  File "C:\Users\User\AppData\Local\Programs\Python\Python311\Lib\site-packages\starlette\middleware\errors.py", line 164, in __call__
    await self.app(scope, receive, _send)
  File "C:\Users\User\AppData\Local\Programs\Python\Python311\Lib\site-packages\starlette\middleware\cors.py", line 88, in __call__
    await self.app(scope, receive, send)
  File "C:\Users\User\AppData\Local\Programs\Python\Python311\Lib\site-packages\starlette\middleware\exceptions.py", line 63, in __call__
    await wrap_app_handling_exceptions(self.app, conn)(scope, receive, send)
  File "C:\Users\User\AppData\Local\Programs\Python\Python311\Lib\site-packages\starlette\_exception_handler.py", line 53, in wrapped_app
    raise exc
  File "C:\Users\User\AppData\Local\Programs\Python\Python311\Lib\site-packages\starlette\_exception_handler.py", line 42, in wrapped_app
    await app(scope, receive, sender)
  File "C:\Users\User\AppData\Local\Programs\Python\Python311\Lib\site-packages\fastapi\middleware\asyncexitstack.py", line 18, in __call__
    await self.app(scope, receive, send)
  File "C:\Users\User\AppData\Local\Programs\Python\Python311\Lib\site-packages\starlette\routing.py", line 660, in __call__
    await self.middleware_stack(scope, receive, send)
  File "C:\Users\User\AppData\Local\Programs\Python\Python311\Lib\site-packages\fastapi\routing.py", line 2685, in app
    await route.handle(scope, receive, send)
  File "C:\Users\User\AppData\Local\Programs\Python\Python311\Lib\site-packages\fastapi\routing.py", line 1766, in handle
    await self.original_router.handle(scope, receive, send)
  File "C:\Users\User\AppData\Local\Programs\Python\Python311\Lib\site-packages\fastapi\routing.py", line 2740, in handle
    await included_router._handle_selected(scope, receive, send)
  File "C:\Users\User\AppData\Local\Programs\Python\Python311\Lib\site-packages\fastapi\routing.py", line 1786, in _handle_selected
    await original_route.handle(scope, receive, send)
  File "C:\Users\User\AppData\Local\Programs\Python\Python311\Lib\site-packages\fastapi\routing.py", line 1265, in handle
    await app(scope, receive, send)
  File "C:\Users\User\AppData\Local\Programs\Python\Python311\Lib\site-packages\fastapi\routing.py", line 151, in app
    await wrap_app_handling_exceptions(app, request)(scope, receive, send)
  File "C:\Users\User\AppData\Local\Programs\Python\Python311\Lib\site-packages\starlette\_exception_handler.py", line 53, in wrapped_app
    raise exc
  File "C:\Users\User\AppData\Local\Programs\Python\Python311\Lib\site-packages\starlette\_exception_handler.py", line 42, in wrapped_app
    await app(scope, receive, sender)
  File "C:\Users\User\AppData\Local\Programs\Python\Python311\Lib\site-packages\fastapi\routing.py", line 137, in app
    response = await f(request)
               ^^^^^^^^^^^^^^^^
  File "C:\Users\User\AppData\Local\Programs\Python\Python311\Lib\site-packages\fastapi\routing.py", line 691, in app
    raw_response = await run_endpoint_function(
                   ^^^^^^^^^^^^^^^^^^^^^^^^^^^^
  File "C:\Users\User\AppData\Local\Programs\Python\Python311\Lib\site-packages\fastapi\routing.py", line 345, in run_endpoint_function
    return await dependant.call(**values)
           ^^^^^^^^^^^^^^^^^^^^^^^^^^^^^^
  File "G:\Meu Drive\BASE ANTIGRAVITY\apps\api\src\presentation\routers\web_ui.py", line 37, in get_web_ui
    order_res = await session.execute(select(RealOrderDB).order_by(RealOrderDB.id.desc()))
                ^^^^^^^^^^^^^^^^^^^^^^^^^^^^^^^^^^^^^^^^^^^^^^^^^^^^^^^^^^^^^^^^^^^^^^^^^^
  File "C:\Users\User\AppData\Local\Programs\Python\Python311\Lib\site-packages\sqlalchemy\ext\asyncio\session.py", line 448, in execute
    result = await greenlet_spawn(
             ^^^^^^^^^^^^^^^^^^^^^
  File "C:\Users\User\AppData\Local\Programs\Python\Python311\Lib\site-packages\sqlalchemy\util\_concurrency_py3k.py", line 201, in greenlet_spawn
    result = context.throw(*sys.exc_info())
             ^^^^^^^^^^^^^^^^^^^^^^^^^^^^^^
  File "C:\Users\User\AppData\Local\Programs\Python\Python311\Lib\site-packages\sqlalchemy\orm\session.py", line 2373, in execute
    return self._execute_internal(
           ^^^^^^^^^^^^^^^^^^^^^^^
  File "C:\Users\User\AppData\Local\Programs\Python\Python311\Lib\site-packages\sqlalchemy\orm\session.py", line 2271, in _execute_internal
    result: Result[Any] = compile_state_cls.orm_execute_statement(
                          ^^^^^^^^^^^^^^^^^^^^^^^^^^^^^^^^^^^^^^^^
  File "C:\Users\User\AppData\Local\Programs\Python\Python311\Lib\site-packages\sqlalchemy\orm\context.py", line 306, in orm_execute_statement
    result = conn.execute(
             ^^^^^^^^^^^^^
  File "C:\Users\User\AppData\Local\Programs\Python\Python311\Lib\site-packages\sqlalchemy\engine\base.py", line 1421, in execute
    return meth(
           ^^^^^
  File "C:\Users\User\AppData\Local\Programs\Python\Python311\Lib\site-packages\sqlalchemy\sql\elements.py", line 526, in _execute_on_connection
    return connection._execute_clauseelement(
           ^^^^^^^^^^^^^^^^^^^^^^^^^^^^^^^^^^
  File "C:\Users\User\AppData\Local\Programs\Python\Python311\Lib\site-packages\sqlalchemy\engine\base.py", line 1643, in _execute_clauseelement
    ret = self._execute_context(
          ^^^^^^^^^^^^^^^^^^^^^^
  File "C:\Users\User\AppData\Local\Programs\Python\Python311\Lib\site-packages\sqlalchemy\engine\base.py", line 1848, in _execute_context
    return self._exec_single_context(
           ^^^^^^^^^^^^^^^^^^^^^^^^^^
  File "C:\Users\User\AppData\Local\Programs\Python\Python311\Lib\site-packages\sqlalchemy\engine\base.py", line 1988, in _exec_single_context
    self._handle_dbapi_exception(
  File "C:\Users\User\AppData\Local\Programs\Python\Python311\Lib\site-packages\sqlalchemy\engine\base.py", line 2365, in _handle_dbapi_exception
    raise sqlalchemy_exception.with_traceback(exc_info[2]) from e
  File "C:\Users\User\AppData\Local\Programs\Python\Python311\Lib\site-packages\sqlalchemy\engine\base.py", line 1969, in _exec_single_context
    self.dialect.do_execute(
  File "C:\Users\User\AppData\Local\Programs\Python\Python311\Lib\site-packages\sqlalchemy\engine\default.py", line 952, in do_execute
    cursor.execute(statement, parameters)
  File "C:\Users\User\AppData\Local\Programs\Python\Python311\Lib\site-packages\sqlalchemy\dialects\sqlite\aiosqlite.py", line 183, in execute
    self._adapt_connection._handle_exception(error)
  File "C:\Users\User\AppData\Local\Programs\Python\Python311\Lib\site-packages\sqlalchemy\dialects\sqlite\aiosqlite.py", line 343, in _handle_exception
    raise error
  File "C:\Users\User\AppData\Local\Programs\Python\Python311\Lib\site-packages\sqlalchemy\dialects\sqlite\aiosqlite.py", line 165, in execute
    self.await_(_cursor.execute(operation, parameters))
  File "C:\Users\User\AppData\Local\Programs\Python\Python311\Lib\site-packages\sqlalchemy\util\_concurrency_py3k.py", line 132, in await_only
    return current.parent.switch(awaitable)  # type: ignore[no-any-return,attr-defined] # noqa: E501
           ^^^^^^^^^^^^^^^^^^^^^^^^^^^^^^^^
  File "C:\Users\User\AppData\Local\Programs\Python\Python311\Lib\site-packages\sqlalchemy\util\_concurrency_py3k.py", line 196, in greenlet_spawn
    value = await result
            ^^^^^^^^^^^^
  File "C:\Users\User\AppData\Local\Programs\Python\Python311\Lib\site-packages\aiosqlite\cursor.py", line 40, in execute
    await self._execute(self._cursor.execute, sql, parameters)
  File "C:\Users\User\AppData\Local\Programs\Python\Python311\Lib\site-packages\aiosqlite\cursor.py", line 32, in _execute
    return await self._conn._execute(fn, *args, **kwargs)
           ^^^^^^^^^^^^^^^^^^^^^^^^^^^^^^^^^^^^^^^^^^^^^^
  File "C:\Users\User\AppData\Local\Programs\Python\Python311\Lib\site-packages\aiosqlite\core.py", line 160, in _execute
    return await future
           ^^^^^^^^^^^^
  File "C:\Users\User\AppData\Local\Programs\Python\Python311\Lib\site-packages\aiosqlite\core.py", line 63, in _connection_worker_thread
    result = function()
             ^^^^^^^^^^
sqlalchemy.exc.OperationalError: (sqlite3.OperationalError) no such column: real_orders.ml_billing_inject_status
[SQL: SELECT real_orders.id, real_orders.external_id, real_orders.customer_name, real_orders.customer_email, real_orders.customer_phone, real_orders.status_id, real_orders.status_name, real_orders.total_amount, real_orders.channel_name, real_orders.items_json, real_orders.created_at, real_orders.shipping_id, real_orders.shipping_status, real_orders.tracking_number, real_orders.shipping_address_json, real_orders.marketplace_fee, real_orders.buyer_doc, real_orders.pack_id, real_orders.enrichment_json, real_orders.picked_by, real_orders.picked_by_id, real_orders.picked_from_status_id, real_orders.picked_from_status_name, real_orders.picked_at, real_orders.bling_pedido_id, real_orders.bling_nfe_id, real_orders.bling_status, real_orders.bling_last_error, real_orders.bling_pushed_at, real_orders.nfe_access_key, real_orders.ml_billing_inject_status, real_orders.zpl_status, real_orders.zpl_path, real_orders.zpl_ready_at, real_orders.zpl_armed, real_orders.zpl_content, real_orders.zpl_printed_at 
FROM real_orders ORDER BY real_orders.id DESC]
(Background on this error at: https://sqlalche.me/e/20/e3q8)
WARNING:  WatchFiles detected changes in 'src\domain\integration_plugins.py'. Reloading...
ERROR:    Exception in ASGI application
Traceback (most recent call last):
  File "C:\Users\User\AppData\Local\Programs\Python\Python311\Lib\site-packages\sqlalchemy\engine\base.py", line 1969, in _exec_single_context
    self.dialect.do_execute(
  File "C:\Users\User\AppData\Local\Programs\Python\Python311\Lib\site-packages\sqlalchemy\engine\default.py", line 952, in do_execute
    cursor.execute(statement, parameters)
  File "C:\Users\User\AppData\Local\Programs\Python\Python311\Lib\site-packages\sqlalchemy\dialects\sqlite\aiosqlite.py", line 183, in execute
    self._adapt_connection._handle_exception(error)
  File "C:\Users\User\AppData\Local\Programs\Python\Python311\Lib\site-packages\sqlalchemy\dialects\sqlite\aiosqlite.py", line 343, in _handle_exception
    raise error
  File "C:\Users\User\AppData\Local\Programs\Python\Python311\Lib\site-packages\sqlalchemy\dialects\sqlite\aiosqlite.py", line 165, in execute
    self.await_(_cursor.execute(operation, parameters))
  File "C:\Users\User\AppData\Local\Programs\Python\Python311\Lib\site-packages\sqlalchemy\util\_concurrency_py3k.py", line 132, in await_only
    return current.parent.switch(awaitable)  # type: ignore[no-any-return,attr-defined] # noqa: E501
           ^^^^^^^^^^^^^^^^^^^^^^^^^^^^^^^^
  File "C:\Users\User\AppData\Local\Programs\Python\Python311\Lib\site-packages\sqlalchemy\util\_concurrency_py3k.py", line 196, in greenlet_spawn
    value = await result
            ^^^^^^^^^^^^
  File "C:\Users\User\AppData\Local\Programs\Python\Python311\Lib\site-packages\aiosqlite\cursor.py", line 40, in execute
    await self._execute(self._cursor.execute, sql, parameters)
  File "C:\Users\User\AppData\Local\Programs\Python\Python311\Lib\site-packages\aiosqlite\cursor.py", line 32, in _execute
    return await self._conn._execute(fn, *args, **kwargs)
           ^^^^^^^^^^^^^^^^^^^^^^^^^^^^^^^^^^^^^^^^^^^^^^
  File "C:\Users\User\AppData\Local\Programs\Python\Python311\Lib\site-packages\aiosqlite\core.py", line 160, in _execute
    return await future
           ^^^^^^^^^^^^
  File "C:\Users\User\AppData\Local\Programs\Python\Python311\Lib\site-packages\aiosqlite\core.py", line 63, in _connection_worker_thread
    result = function()
             ^^^^^^^^^^
sqlite3.OperationalError: no such column: real_orders.ml_billing_inject_status

The above exception was the direct cause of the following exception:

Traceback (most recent call last):
  File "C:\Users\User\AppData\Local\Programs\Python\Python311\Lib\site-packages\uvicorn\protocols\http\httptools_impl.py", line 422, in run_asgi
    result = await app(  # type: ignore[func-returns-value]
             ^^^^^^^^^^^^^^^^^^^^^^^^^^^^^^^^^^^^^^^^^^^^^^
  File "C:\Users\User\AppData\Local\Programs\Python\Python311\Lib\site-packages\uvicorn\middleware\proxy_headers.py", line 63, in __call__
    return await self.app(scope, receive, send)
           ^^^^^^^^^^^^^^^^^^^^^^^^^^^^^^^^^^^^
  File "C:\Users\User\AppData\Local\Programs\Python\Python311\Lib\site-packages\fastapi\applications.py", line 1163, in __call__
    await super().__call__(scope, receive, send)
  File "C:\Users\User\AppData\Local\Programs\Python\Python311\Lib\site-packages\starlette\applications.py", line 90, in __call__
    await self.middleware_stack(scope, receive, send)
  File "C:\Users\User\AppData\Local\Programs\Python\Python311\Lib\site-packages\starlette\middleware\errors.py", line 186, in __call__
    raise exc
  File "C:\Users\User\AppData\Local\Programs\Python\Python311\Lib\site-packages\starlette\middleware\errors.py", line 164, in __call__
    await self.app(scope, receive, _send)
  File "C:\Users\User\AppData\Local\Programs\Python\Python311\Lib\site-packages\starlette\middleware\cors.py", line 88, in __call__
    await self.app(scope, receive, send)
  File "C:\Users\User\AppData\Local\Programs\Python\Python311\Lib\site-packages\starlette\middleware\exceptions.py", line 63, in __call__
    await wrap_app_handling_exceptions(self.app, conn)(scope, receive, send)
  File "C:\Users\User\AppData\Local\Programs\Python\Python311\Lib\site-packages\starlette\_exception_handler.py", line 53, in wrapped_app
    raise exc
  File "C:\Users\User\AppData\Local\Programs\Python\Python311\Lib\site-packages\starlette\_exception_handler.py", line 42, in wrapped_app
    await app(scope, receive, sender)
  File "C:\Users\User\AppData\Local\Programs\Python\Python311\Lib\site-packages\fastapi\middleware\asyncexitstack.py", line 18, in __call__
    await self.app(scope, receive, send)
  File "C:\Users\User\AppData\Local\Programs\Python\Python311\Lib\site-packages\starlette\routing.py", line 660, in __call__
    await self.middleware_stack(scope, receive, send)
  File "C:\Users\User\AppData\Local\Programs\Python\Python311\Lib\site-packages\fastapi\routing.py", line 2685, in app
    await route.handle(scope, receive, send)
  File "C:\Users\User\AppData\Local\Programs\Python\Python311\Lib\site-packages\fastapi\routing.py", line 1766, in handle
    await self.original_router.handle(scope, receive, send)
  File "C:\Users\User\AppData\Local\Programs\Python\Python311\Lib\site-packages\fastapi\routing.py", line 2740, in handle
    await included_router._handle_selected(scope, receive, send)
  File "C:\Users\User\AppData\Local\Programs\Python\Python311\Lib\site-packages\fastapi\routing.py", line 1786, in _handle_selected
    await original_route.handle(scope, receive, send)
  File "C:\Users\User\AppData\Local\Programs\Python\Python311\Lib\site-packages\fastapi\routing.py", line 1265, in handle
    await app(scope, receive, send)
  File "C:\Users\User\AppData\Local\Programs\Python\Python311\Lib\site-packages\fastapi\routing.py", line 151, in app
    await wrap_app_handling_exceptions(app, request)(scope, receive, send)
  File "C:\Users\User\AppData\Local\Programs\Python\Python311\Lib\site-packages\starlette\_exception_handler.py", line 53, in wrapped_app
    raise exc
  File "C:\Users\User\AppData\Local\Programs\Python\Python311\Lib\site-packages\starlette\_exception_handler.py", line 42, in wrapped_app
    await app(scope, receive, sender)
  File "C:\Users\User\AppData\Local\Programs\Python\Python311\Lib\site-packages\fastapi\routing.py", line 137, in app
    response = await f(request)
               ^^^^^^^^^^^^^^^^
  File "C:\Users\User\AppData\Local\Programs\Python\Python311\Lib\site-packages\fastapi\routing.py", line 691, in app
    raw_response = await run_endpoint_function(
                   ^^^^^^^^^^^^^^^^^^^^^^^^^^^^
  File "C:\Users\User\AppData\Local\Programs\Python\Python311\Lib\site-packages\fastapi\routing.py", line 345, in run_endpoint_function
    return await dependant.call(**values)
           ^^^^^^^^^^^^^^^^^^^^^^^^^^^^^^
  File "G:\Meu Drive\BASE ANTIGRAVITY\apps\api\src\presentation\routers\web_ui.py", line 37, in get_web_ui
    order_res = await session.execute(select(RealOrderDB).order_by(RealOrderDB.id.desc()))
                ^^^^^^^^^^^^^^^^^^^^^^^^^^^^^^^^^^^^^^^^^^^^^^^^^^^^^^^^^^^^^^^^^^^^^^^^^^
  File "C:\Users\User\AppData\Local\Programs\Python\Python311\Lib\site-packages\sqlalchemy\ext\asyncio\session.py", line 448, in execute
    result = await greenlet_spawn(
             ^^^^^^^^^^^^^^^^^^^^^
  File "C:\Users\User\AppData\Local\Programs\Python\Python311\Lib\site-packages\sqlalchemy\util\_concurrency_py3k.py", line 201, in greenlet_spawn
    result = context.throw(*sys.exc_info())
             ^^^^^^^^^^^^^^^^^^^^^^^^^^^^^^
  File "C:\Users\User\AppData\Local\Programs\Python\Python311\Lib\site-packages\sqlalchemy\orm\session.py", line 2373, in execute
    return self._execute_internal(
           ^^^^^^^^^^^^^^^^^^^^^^^
  File "C:\Users\User\AppData\Local\Programs\Python\Python311\Lib\site-packages\sqlalchemy\orm\session.py", line 2271, in _execute_internal
    result: Result[Any] = compile_state_cls.orm_execute_statement(
                          ^^^^^^^^^^^^^^^^^^^^^^^^^^^^^^^^^^^^^^^^
  File "C:\Users\User\AppData\Local\Programs\Python\Python311\Lib\site-packages\sqlalchemy\orm\context.py", line 306, in orm_execute_statement
    result = conn.execute(
             ^^^^^^^^^^^^^
  File "C:\Users\User\AppData\Local\Programs\Python\Python311\Lib\site-packages\sqlalchemy\engine\base.py", line 1421, in execute
    return meth(
           ^^^^^
  File "C:\Users\User\AppData\Local\Programs\Python\Python311\Lib\site-packages\sqlalchemy\sql\elements.py", line 526, in _execute_on_connection
    return connection._execute_clauseelement(
           ^^^^^^^^^^^^^^^^^^^^^^^^^^^^^^^^^^
  File "C:\Users\User\AppData\Local\Programs\Python\Python311\Lib\site-packages\sqlalchemy\engine\base.py", line 1643, in _execute_clauseelement
    ret = self._execute_context(
          ^^^^^^^^^^^^^^^^^^^^^^
  File "C:\Users\User\AppData\Local\Programs\Python\Python311\Lib\site-packages\sqlalchemy\engine\base.py", line 1848, in _execute_context
    return self._exec_single_context(
           ^^^^^^^^^^^^^^^^^^^^^^^^^^
  File "C:\Users\User\AppData\Local\Programs\Python\Python311\Lib\site-packages\sqlalchemy\engine\base.py", line 1988, in _exec_single_context
    self._handle_dbapi_exception(
  File "C:\Users\User\AppData\Local\Programs\Python\Python311\Lib\site-packages\sqlalchemy\engine\base.py", line 2365, in _handle_dbapi_exception
    raise sqlalchemy_exception.with_traceback(exc_info[2]) from e
  File "C:\Users\User\AppData\Local\Programs\Python\Python311\Lib\site-packages\sqlalchemy\engine\base.py", line 1969, in _exec_single_context
    self.dialect.do_execute(
  File "C:\Users\User\AppData\Local\Programs\Python\Python311\Lib\site-packages\sqlalchemy\engine\default.py", line 952, in do_execute
    cursor.execute(statement, parameters)
  File "C:\Users\User\AppData\Local\Programs\Python\Python311\Lib\site-packages\sqlalchemy\dialects\sqlite\aiosqlite.py", line 183, in execute
    self._adapt_connection._handle_exception(error)
  File "C:\Users\User\AppData\Local\Programs\Python\Python311\Lib\site-packages\sqlalchemy\dialects\sqlite\aiosqlite.py", line 343, in _handle_exception
    raise error
  File "C:\Users\User\AppData\Local\Programs\Python\Python311\Lib\site-packages\sqlalchemy\dialects\sqlite\aiosqlite.py", line 165, in execute
    self.await_(_cursor.execute(operation, parameters))
  File "C:\Users\User\AppData\Local\Programs\Python\Python311\Lib\site-packages\sqlalchemy\util\_concurrency_py3k.py", line 132, in await_only
    return current.parent.switch(awaitable)  # type: ignore[no-any-return,attr-defined] # noqa: E501
           ^^^^^^^^^^^^^^^^^^^^^^^^^^^^^^^^
  File "C:\Users\User\AppData\Local\Programs\Python\Python311\Lib\site-packages\sqlalchemy\util\_concurrency_py3k.py", line 196, in greenlet_spawn
    value = await result
            ^^^^^^^^^^^^
  File "C:\Users\User\AppData\Local\Programs\Python\Python311\Lib\site-packages\aiosqlite\cursor.py", line 40, in execute
    await self._execute(self._cursor.execute, sql, parameters)
  File "C:\Users\User\AppData\Local\Programs\Python\Python311\Lib\site-packages\aiosqlite\cursor.py", line 32, in _execute
    return await self._conn._execute(fn, *args, **kwargs)
           ^^^^^^^^^^^^^^^^^^^^^^^^^^^^^^^^^^^^^^^^^^^^^^
  File "C:\Users\User\AppData\Local\Programs\Python\Python311\Lib\site-packages\aiosqlite\core.py", line 160, in _execute
    return await future
           ^^^^^^^^^^^^
  File "C:\Users\User\AppData\Local\Programs\Python\Python311\Lib\site-packages\aiosqlite\core.py", line 63, in _connection_worker_thread
    result = function()
             ^^^^^^^^^^
sqlalchemy.exc.OperationalError: (sqlite3.OperationalError) no such column: real_orders.ml_billing_inject_status
[SQL: SELECT real_orders.id, real_orders.external_id, real_orders.customer_name, real_orders.customer_email, real_orders.customer_phone, real_orders.status_id, real_orders.status_name, real_orders.total_amount, real_orders.channel_name, real_orders.items_json, real_orders.created_at, real_orders.shipping_id, real_orders.shipping_status, real_orders.tracking_number, real_orders.shipping_address_json, real_orders.marketplace_fee, real_orders.buyer_doc, real_orders.pack_id, real_orders.enrichment_json, real_orders.picked_by, real_orders.picked_by_id, real_orders.picked_from_status_id, real_orders.picked_from_status_name, real_orders.picked_at, real_orders.bling_pedido_id, real_orders.bling_nfe_id, real_orders.bling_status, real_orders.bling_last_error, real_orders.bling_pushed_at, real_orders.nfe_access_key, real_orders.ml_billing_inject_status, real_orders.zpl_status, real_orders.zpl_path, real_orders.zpl_ready_at, real_orders.zpl_armed, real_orders.zpl_content, real_orders.zpl_printed_at 
FROM real_orders ORDER BY real_orders.id DESC]
(Background on this error at: https://sqlalche.me/e/20/e3q8)
ERROR:    Exception in ASGI application
Traceback (most recent call last):
  File "C:\Users\User\AppData\Local\Programs\Python\Python311\Lib\site-packages\sqlalchemy\engine\base.py", line 1969, in _exec_single_context
    self.dialect.do_execute(
  File "C:\Users\User\AppData\Local\Programs\Python\Python311\Lib\site-packages\sqlalchemy\engine\default.py", line 952, in do_execute
    cursor.execute(statement, parameters)
  File "C:\Users\User\AppData\Local\Programs\Python\Python311\Lib\site-packages\sqlalchemy\dialects\sqlite\aiosqlite.py", line 183, in execute
    self._adapt_connection._handle_exception(error)
  File "C:\Users\User\AppData\Local\Programs\Python\Python311\Lib\site-packages\sqlalchemy\dialects\sqlite\aiosqlite.py", line 343, in _handle_exception
    raise error
  File "C:\Users\User\AppData\Local\Programs\Python\Python311\Lib\site-packages\sqlalchemy\dialects\sqlite\aiosqlite.py", line 165, in execute
    self.await_(_cursor.execute(operation, parameters))
  File "C:\Users\User\AppData\Local\Programs\Python\Python311\Lib\site-packages\sqlalchemy\util\_concurrency_py3k.py", line 132, in await_only
    return current.parent.switch(awaitable)  # type: ignore[no-any-return,attr-defined] # noqa: E501
           ^^^^^^^^^^^^^^^^^^^^^^^^^^^^^^^^
  File "C:\Users\User\AppData\Local\Programs\Python\Python311\Lib\site-packages\sqlalchemy\util\_concurrency_py3k.py", line 196, in greenlet_spawn
    value = await result
            ^^^^^^^^^^^^
  File "C:\Users\User\AppData\Local\Programs\Python\Python311\Lib\site-packages\aiosqlite\cursor.py", line 40, in execute
    await self._execute(self._cursor.execute, sql, parameters)
  File "C:\Users\User\AppData\Local\Programs\Python\Python311\Lib\site-packages\aiosqlite\cursor.py", line 32, in _execute
    return await self._conn._execute(fn, *args, **kwargs)
           ^^^^^^^^^^^^^^^^^^^^^^^^^^^^^^^^^^^^^^^^^^^^^^
  File "C:\Users\User\AppData\Local\Programs\Python\Python311\Lib\site-packages\aiosqlite\core.py", line 160, in _execute
    return await future
           ^^^^^^^^^^^^
  File "C:\Users\User\AppData\Local\Programs\Python\Python311\Lib\site-packages\aiosqlite\core.py", line 63, in _connection_worker_thread
    result = function()
             ^^^^^^^^^^
sqlite3.OperationalError: no such column: real_orders.ml_billing_inject_status

The above exception was the direct cause of the following exception:

Traceback (most recent call last):
  File "C:\Users\User\AppData\Local\Programs\Python\Python311\Lib\site-packages\uvicorn\protocols\http\httptools_impl.py", line 422, in run_asgi
    result = await app(  # type: ignore[func-returns-value]
             ^^^^^^^^^^^^^^^^^^^^^^^^^^^^^^^^^^^^^^^^^^^^^^
  File "C:\Users\User\AppData\Local\Programs\Python\Python311\Lib\site-packages\uvicorn\middleware\proxy_headers.py", line 63, in __call__
    return await self.app(scope, receive, send)
           ^^^^^^^^^^^^^^^^^^^^^^^^^^^^^^^^^^^^
  File "C:\Users\User\AppData\Local\Programs\Python\Python311\Lib\site-packages\fastapi\applications.py", line 1163, in __call__
    await super().__call__(scope, receive, send)
  File "C:\Users\User\AppData\Local\Programs\Python\Python311\Lib\site-packages\starlette\applications.py", line 90, in __call__
    await self.middleware_stack(scope, receive, send)
  File "C:\Users\User\AppData\Local\Programs\Python\Python311\Lib\site-packages\starlette\middleware\errors.py", line 186, in __call__
    raise exc
  File "C:\Users\User\AppData\Local\Programs\Python\Python311\Lib\site-packages\starlette\middleware\errors.py", line 164, in __call__
    await self.app(scope, receive, _send)
  File "C:\Users\User\AppData\Local\Programs\Python\Python311\Lib\site-packages\starlette\middleware\cors.py", line 88, in __call__
    await self.app(scope, receive, send)
  File "C:\Users\User\AppData\Local\Programs\Python\Python311\Lib\site-packages\starlette\middleware\exceptions.py", line 63, in __call__
    await wrap_app_handling_exceptions(self.app, conn)(scope, receive, send)
  File "C:\Users\User\AppData\Local\Programs\Python\Python311\Lib\site-packages\starlette\_exception_handler.py", line 53, in wrapped_app
    raise exc
  File "C:\Users\User\AppData\Local\Programs\Python\Python311\Lib\site-packages\starlette\_exception_handler.py", line 42, in wrapped_app
    await app(scope, receive, sender)
  File "C:\Users\User\AppData\Local\Programs\Python\Python311\Lib\site-packages\fastapi\middleware\asyncexitstack.py", line 18, in __call__
    await self.app(scope, receive, send)
  File "C:\Users\User\AppData\Local\Programs\Python\Python311\Lib\site-packages\starlette\routing.py", line 660, in __call__
    await self.middleware_stack(scope, receive, send)
  File "C:\Users\User\AppData\Local\Programs\Python\Python311\Lib\site-packages\fastapi\routing.py", line 2685, in app
    await route.handle(scope, receive, send)
  File "C:\Users\User\AppData\Local\Programs\Python\Python311\Lib\site-packages\fastapi\routing.py", line 1766, in handle
    await self.original_router.handle(scope, receive, send)
  File "C:\Users\User\AppData\Local\Programs\Python\Python311\Lib\site-packages\fastapi\routing.py", line 2740, in handle
    await included_router._handle_selected(scope, receive, send)
  File "C:\Users\User\AppData\Local\Programs\Python\Python311\Lib\site-packages\fastapi\routing.py", line 1786, in _handle_selected
    await original_route.handle(scope, receive, send)
  File "C:\Users\User\AppData\Local\Programs\Python\Python311\Lib\site-packages\fastapi\routing.py", line 1265, in handle
    await app(scope, receive, send)
  File "C:\Users\User\AppData\Local\Programs\Python\Python311\Lib\site-packages\fastapi\routing.py", line 151, in app
    await wrap_app_handling_exceptions(app, request)(scope, receive, send)
  File "C:\Users\User\AppData\Local\Programs\Python\Python311\Lib\site-packages\starlette\_exception_handler.py", line 53, in wrapped_app
    raise exc
  File "C:\Users\User\AppData\Local\Programs\Python\Python311\Lib\site-packages\starlette\_exception_handler.py", line 42, in wrapped_app
    await app(scope, receive, sender)
  File "C:\Users\User\AppData\Local\Programs\Python\Python311\Lib\site-packages\fastapi\routing.py", line 137, in app
    response = await f(request)
               ^^^^^^^^^^^^^^^^
  File "C:\Users\User\AppData\Local\Programs\Python\Python311\Lib\site-packages\fastapi\routing.py", line 691, in app
    raw_response = await run_endpoint_function(
                   ^^^^^^^^^^^^^^^^^^^^^^^^^^^^
  File "C:\Users\User\AppData\Local\Programs\Python\Python311\Lib\site-packages\fastapi\routing.py", line 345, in run_endpoint_function
    return await dependant.call(**values)
           ^^^^^^^^^^^^^^^^^^^^^^^^^^^^^^
  File "G:\Meu Drive\BASE ANTIGRAVITY\apps\api\src\presentation\routers\web_ui.py", line 37, in get_web_ui
    order_res = await session.execute(select(RealOrderDB).order_by(RealOrderDB.id.desc()))
                ^^^^^^^^^^^^^^^^^^^^^^^^^^^^^^^^^^^^^^^^^^^^^^^^^^^^^^^^^^^^^^^^^^^^^^^^^^
  File "C:\Users\User\AppData\Local\Programs\Python\Python311\Lib\site-packages\sqlalchemy\ext\asyncio\session.py", line 448, in execute
    result = await greenlet_spawn(
             ^^^^^^^^^^^^^^^^^^^^^
  File "C:\Users\User\AppData\Local\Programs\Python\Python311\Lib\site-packages\sqlalchemy\util\_concurrency_py3k.py", line 201, in greenlet_spawn
    result = context.throw(*sys.exc_info())
             ^^^^^^^^^^^^^^^^^^^^^^^^^^^^^^
  File "C:\Users\User\AppData\Local\Programs\Python\Python311\Lib\site-packages\sqlalchemy\orm\session.py", line 2373, in execute
    return self._execute_internal(
           ^^^^^^^^^^^^^^^^^^^^^^^
  File "C:\Users\User\AppData\Local\Programs\Python\Python311\Lib\site-packages\sqlalchemy\orm\session.py", line 2271, in _execute_internal
    result: Result[Any] = compile_state_cls.orm_execute_statement(
                          ^^^^^^^^^^^^^^^^^^^^^^^^^^^^^^^^^^^^^^^^
  File "C:\Users\User\AppData\Local\Programs\Python\Python311\Lib\site-packages\sqlalchemy\orm\context.py", line 306, in orm_execute_statement
    result = conn.execute(
             ^^^^^^^^^^^^^
  File "C:\Users\User\AppData\Local\Programs\Python\Python311\Lib\site-packages\sqlalchemy\engine\base.py", line 1421, in execute
    return meth(
           ^^^^^
  File "C:\Users\User\AppData\Local\Programs\Python\Python311\Lib\site-packages\sqlalchemy\sql\elements.py", line 526, in _execute_on_connection
    return connection._execute_clauseelement(
           ^^^^^^^^^^^^^^^^^^^^^^^^^^^^^^^^^^
  File "C:\Users\User\AppData\Local\Programs\Python\Python311\Lib\site-packages\sqlalchemy\engine\base.py", line 1643, in _execute_clauseelement
    ret = self._execute_context(
          ^^^^^^^^^^^^^^^^^^^^^^
  File "C:\Users\User\AppData\Local\Programs\Python\Python311\Lib\site-packages\sqlalchemy\engine\base.py", line 1848, in _execute_context
    return self._exec_single_context(
           ^^^^^^^^^^^^^^^^^^^^^^^^^^
  File "C:\Users\User\AppData\Local\Programs\Python\Python311\Lib\site-packages\sqlalchemy\engine\base.py", line 1988, in _exec_single_context
    self._handle_dbapi_exception(
  File "C:\Users\User\AppData\Local\Programs\Python\Python311\Lib\site-packages\sqlalchemy\engine\base.py", line 2365, in _handle_dbapi_exception
    raise sqlalchemy_exception.with_traceback(exc_info[2]) from e
  File "C:\Users\User\AppData\Local\Programs\Python\Python311\Lib\site-packages\sqlalchemy\engine\base.py", line 1969, in _exec_single_context
    self.dialect.do_execute(
  File "C:\Users\User\AppData\Local\Programs\Python\Python311\Lib\site-packages\sqlalchemy\engine\default.py", line 952, in do_execute
    cursor.execute(statement, parameters)
  File "C:\Users\User\AppData\Local\Programs\Python\Python311\Lib\site-packages\sqlalchemy\dialects\sqlite\aiosqlite.py", line 183, in execute
    self._adapt_connection._handle_exception(error)
  File "C:\Users\User\AppData\Local\Programs\Python\Python311\Lib\site-packages\sqlalchemy\dialects\sqlite\aiosqlite.py", line 343, in _handle_exception
    raise error
  File "C:\Users\User\AppData\Local\Programs\Python\Python311\Lib\site-packages\sqlalchemy\dialects\sqlite\aiosqlite.py", line 165, in execute
    self.await_(_cursor.execute(operation, parameters))
  File "C:\Users\User\AppData\Local\Programs\Python\Python311\Lib\site-packages\sqlalchemy\util\_concurrency_py3k.py", line 132, in await_only
    return current.parent.switch(awaitable)  # type: ignore[no-any-return,attr-defined] # noqa: E501
           ^^^^^^^^^^^^^^^^^^^^^^^^^^^^^^^^
  File "C:\Users\User\AppData\Local\Programs\Python\Python311\Lib\site-packages\sqlalchemy\util\_concurrency_py3k.py", line 196, in greenlet_spawn
    value = await result
            ^^^^^^^^^^^^
  File "C:\Users\User\AppData\Local\Programs\Python\Python311\Lib\site-packages\aiosqlite\cursor.py", line 40, in execute
    await self._execute(self._cursor.execute, sql, parameters)
  File "C:\Users\User\AppData\Local\Programs\Python\Python311\Lib\site-packages\aiosqlite\cursor.py", line 32, in _execute
    return await self._conn._execute(fn, *args, **kwargs)
           ^^^^^^^^^^^^^^^^^^^^^^^^^^^^^^^^^^^^^^^^^^^^^^
  File "C:\Users\User\AppData\Local\Programs\Python\Python311\Lib\site-packages\aiosqlite\core.py", line 160, in _execute
    return await future
           ^^^^^^^^^^^^
  File "C:\Users\User\AppData\Local\Programs\Python\Python311\Lib\site-packages\aiosqlite\core.py", line 63, in _connection_worker_thread
    result = function()
             ^^^^^^^^^^
sqlalchemy.exc.OperationalError: (sqlite3.OperationalError) no such column: real_orders.ml_billing_inject_status
[SQL: SELECT real_orders.id, real_orders.external_id, real_orders.customer_name, real_orders.customer_email, real_orders.customer_phone, real_orders.status_id, real_orders.status_name, real_orders.total_amount, real_orders.channel_name, real_orders.items_json, real_orders.created_at, real_orders.shipping_id, real_orders.shipping_status, real_orders.tracking_number, real_orders.shipping_address_json, real_orders.marketplace_fee, real_orders.buyer_doc, real_orders.pack_id, real_orders.enrichment_json, real_orders.picked_by, real_orders.picked_by_id, real_orders.picked_from_status_id, real_orders.picked_from_status_name, real_orders.picked_at, real_orders.bling_pedido_id, real_orders.bling_nfe_id, real_orders.bling_status, real_orders.bling_last_error, real_orders.bling_pushed_at, real_orders.nfe_access_key, real_orders.ml_billing_inject_status, real_orders.zpl_status, real_orders.zpl_path, real_orders.zpl_ready_at, real_orders.zpl_armed, real_orders.zpl_content, real_orders.zpl_printed_at 
FROM real_orders ORDER BY real_orders.id DESC]
(Background on this error at: https://sqlalche.me/e/20/e3q8)
ERROR:    Exception in ASGI application
Traceback (most recent call last):
  File "C:\Users\User\AppData\Local\Programs\Python\Python311\Lib\site-packages\sqlalchemy\engine\base.py", line 1969, in _exec_single_context
    self.dialect.do_execute(
  File "C:\Users\User\AppData\Local\Programs\Python\Python311\Lib\site-packages\sqlalchemy\engine\default.py", line 952, in do_execute
    cursor.execute(statement, parameters)
  File "C:\Users\User\AppData\Local\Programs\Python\Python311\Lib\site-packages\sqlalchemy\dialects\sqlite\aiosqlite.py", line 183, in execute
    self._adapt_connection._handle_exception(error)
  File "C:\Users\User\AppData\Local\Programs\Python\Python311\Lib\site-packages\sqlalchemy\dialects\sqlite\aiosqlite.py", line 343, in _handle_exception
    raise error
  File "C:\Users\User\AppData\Local\Programs\Python\Python311\Lib\site-packages\sqlalchemy\dialects\sqlite\aiosqlite.py", line 165, in execute
    self.await_(_cursor.execute(operation, parameters))
  File "C:\Users\User\AppData\Local\Programs\Python\Python311\Lib\site-packages\sqlalchemy\util\_concurrency_py3k.py", line 132, in await_only
    return current.parent.switch(awaitable)  # type: ignore[no-any-return,attr-defined] # noqa: E501
           ^^^^^^^^^^^^^^^^^^^^^^^^^^^^^^^^
  File "C:\Users\User\AppData\Local\Programs\Python\Python311\Lib\site-packages\sqlalchemy\util\_concurrency_py3k.py", line 196, in greenlet_spawn
    value = await result
            ^^^^^^^^^^^^
  File "C:\Users\User\AppData\Local\Programs\Python\Python311\Lib\site-packages\aiosqlite\cursor.py", line 40, in execute
    await self._execute(self._cursor.execute, sql, parameters)
  File "C:\Users\User\AppData\Local\Programs\Python\Python311\Lib\site-packages\aiosqlite\cursor.py", line 32, in _execute
    return await self._conn._execute(fn, *args, **kwargs)
           ^^^^^^^^^^^^^^^^^^^^^^^^^^^^^^^^^^^^^^^^^^^^^^
  File "C:\Users\User\AppData\Local\Programs\Python\Python311\Lib\site-packages\aiosqlite\core.py", line 160, in _execute
    return await future
           ^^^^^^^^^^^^
  File "C:\Users\User\AppData\Local\Programs\Python\Python311\Lib\site-packages\aiosqlite\core.py", line 63, in _connection_worker_thread
    result = function()
             ^^^^^^^^^^
sqlite3.OperationalError: no such column: real_orders.ml_billing_inject_status

The above exception was the direct cause of the following exception:

Traceback (most recent call last):
  File "C:\Users\User\AppData\Local\Programs\Python\Python311\Lib\site-packages\uvicorn\protocols\http\httptools_impl.py", line 422, in run_asgi
    result = await app(  # type: ignore[func-returns-value]
             ^^^^^^^^^^^^^^^^^^^^^^^^^^^^^^^^^^^^^^^^^^^^^^
  File "C:\Users\User\AppData\Local\Programs\Python\Python311\Lib\site-packages\uvicorn\middleware\proxy_headers.py", line 63, in __call__
    return await self.app(scope, receive, send)
           ^^^^^^^^^^^^^^^^^^^^^^^^^^^^^^^^^^^^
  File "C:\Users\User\AppData\Local\Programs\Python\Python311\Lib\site-packages\fastapi\applications.py", line 1163, in __call__
    await super().__call__(scope, receive, send)
  File "C:\Users\User\AppData\Local\Programs\Python\Python311\Lib\site-packages\starlette\applications.py", line 90, in __call__
    await self.middleware_stack(scope, receive, send)
  File "C:\Users\User\AppData\Local\Programs\Python\Python311\Lib\site-packages\starlette\middleware\errors.py", line 186, in __call__
    raise exc
  File "C:\Users\User\AppData\Local\Programs\Python\Python311\Lib\site-packages\starlette\middleware\errors.py", line 164, in __call__
    await self.app(scope, receive, _send)
  File "C:\Users\User\AppData\Local\Programs\Python\Python311\Lib\site-packages\starlette\middleware\cors.py", line 88, in __call__
    await self.app(scope, receive, send)
  File "C:\Users\User\AppData\Local\Programs\Python\Python311\Lib\site-packages\starlette\middleware\exceptions.py", line 63, in __call__
    await wrap_app_handling_exceptions(self.app, conn)(scope, receive, send)
  File "C:\Users\User\AppData\Local\Programs\Python\Python311\Lib\site-packages\starlette\_exception_handler.py", line 53, in wrapped_app
    raise exc
  File "C:\Users\User\AppData\Local\Programs\Python\Python311\Lib\site-packages\starlette\_exception_handler.py", line 42, in wrapped_app
    await app(scope, receive, sender)
  File "C:\Users\User\AppData\Local\Programs\Python\Python311\Lib\site-packages\fastapi\middleware\asyncexitstack.py", line 18, in __call__
    await self.app(scope, receive, send)
  File "C:\Users\User\AppData\Local\Programs\Python\Python311\Lib\site-packages\starlette\routing.py", line 660, in __call__
    await self.middleware_stack(scope, receive, send)
  File "C:\Users\User\AppData\Local\Programs\Python\Python311\Lib\site-packages\fastapi\routing.py", line 2685, in app
    await route.handle(scope, receive, send)
  File "C:\Users\User\AppData\Local\Programs\Python\Python311\Lib\site-packages\fastapi\routing.py", line 1766, in handle
    await self.original_router.handle(scope, receive, send)
  File "C:\Users\User\AppData\Local\Programs\Python\Python311\Lib\site-packages\fastapi\routing.py", line 2740, in handle
    await included_router._handle_selected(scope, receive, send)
  File "C:\Users\User\AppData\Local\Programs\Python\Python311\Lib\site-packages\fastapi\routing.py", line 1786, in _handle_selected
    await original_route.handle(scope, receive, send)
  File "C:\Users\User\AppData\Local\Programs\Python\Python311\Lib\site-packages\fastapi\routing.py", line 1265, in handle
    await app(scope, receive, send)
  File "C:\Users\User\AppData\Local\Programs\Python\Python311\Lib\site-packages\fastapi\routing.py", line 151, in app
    await wrap_app_handling_exceptions(app, request)(scope, receive, send)
  File "C:\Users\User\AppData\Local\Programs\Python\Python311\Lib\site-packages\starlette\_exception_handler.py", line 53, in wrapped_app
    raise exc
  File "C:\Users\User\AppData\Local\Programs\Python\Python311\Lib\site-packages\starlette\_exception_handler.py", line 42, in wrapped_app
    await app(scope, receive, sender)
  File "C:\Users\User\AppData\Local\Programs\Python\Python311\Lib\site-packages\fastapi\routing.py", line 137, in app
    response = await f(request)
               ^^^^^^^^^^^^^^^^
  File "C:\Users\User\AppData\Local\Programs\Python\Python311\Lib\site-packages\fastapi\routing.py", line 691, in app
    raw_response = await run_endpoint_function(
                   ^^^^^^^^^^^^^^^^^^^^^^^^^^^^
  File "C:\Users\User\AppData\Local\Programs\Python\Python311\Lib\site-packages\fastapi\routing.py", line 345, in run_endpoint_function
    return await dependant.call(**values)
           ^^^^^^^^^^^^^^^^^^^^^^^^^^^^^^
  File "G:\Meu Drive\BASE ANTIGRAVITY\apps\api\src\presentation\routers\web_ui.py", line 37, in get_web_ui
    order_res = await session.execute(select(RealOrderDB).order_by(RealOrderDB.id.desc()))
                ^^^^^^^^^^^^^^^^^^^^^^^^^^^^^^^^^^^^^^^^^^^^^^^^^^^^^^^^^^^^^^^^^^^^^^^^^^
  File "C:\Users\User\AppData\Local\Programs\Python\Python311\Lib\site-packages\sqlalchemy\ext\asyncio\session.py", line 448, in execute
    result = await greenlet_spawn(
             ^^^^^^^^^^^^^^^^^^^^^
  File "C:\Users\User\AppData\Local\Programs\Python\Python311\Lib\site-packages\sqlalchemy\util\_concurrency_py3k.py", line 201, in greenlet_spawn
    result = context.throw(*sys.exc_info())
             ^^^^^^^^^^^^^^^^^^^^^^^^^^^^^^
  File "C:\Users\User\AppData\Local\Programs\Python\Python311\Lib\site-packages\sqlalchemy\orm\session.py", line 2373, in execute
    return self._execute_internal(
           ^^^^^^^^^^^^^^^^^^^^^^^
  File "C:\Users\User\AppData\Local\Programs\Python\Python311\Lib\site-packages\sqlalchemy\orm\session.py", line 2271, in _execute_internal
    result: Result[Any] = compile_state_cls.orm_execute_statement(
                          ^^^^^^^^^^^^^^^^^^^^^^^^^^^^^^^^^^^^^^^^
  File "C:\Users\User\AppData\Local\Programs\Python\Python311\Lib\site-packages\sqlalchemy\orm\context.py", line 306, in orm_execute_statement
    result = conn.execute(
             ^^^^^^^^^^^^^
  File "C:\Users\User\AppData\Local\Programs\Python\Python311\Lib\site-packages\sqlalchemy\engine\base.py", line 1421, in execute
    return meth(
           ^^^^^
  File "C:\Users\User\AppData\Local\Programs\Python\Python311\Lib\site-packages\sqlalchemy\sql\elements.py", line 526, in _execute_on_connection
    return connection._execute_clauseelement(
           ^^^^^^^^^^^^^^^^^^^^^^^^^^^^^^^^^^
  File "C:\Users\User\AppData\Local\Programs\Python\Python311\Lib\site-packages\sqlalchemy\engine\base.py", line 1643, in _execute_clauseelement
    ret = self._execute_context(
          ^^^^^^^^^^^^^^^^^^^^^^
  File "C:\Users\User\AppData\Local\Programs\Python\Python311\Lib\site-packages\sqlalchemy\engine\base.py", line 1848, in _execute_context
    return self._exec_single_context(
           ^^^^^^^^^^^^^^^^^^^^^^^^^^
  File "C:\Users\User\AppData\Local\Programs\Python\Python311\Lib\site-packages\sqlalchemy\engine\base.py", line 1988, in _exec_single_context
    self._handle_dbapi_exception(
  File "C:\Users\User\AppData\Local\Programs\Python\Python311\Lib\site-packages\sqlalchemy\engine\base.py", line 2365, in _handle_dbapi_exception
    raise sqlalchemy_exception.with_traceback(exc_info[2]) from e
  File "C:\Users\User\AppData\Local\Programs\Python\Python311\Lib\site-packages\sqlalchemy\engine\base.py", line 1969, in _exec_single_context
    self.dialect.do_execute(
  File "C:\Users\User\AppData\Local\Programs\Python\Python311\Lib\site-packages\sqlalchemy\engine\default.py", line 952, in do_execute
    cursor.execute(statement, parameters)
  File "C:\Users\User\AppData\Local\Programs\Python\Python311\Lib\site-packages\sqlalchemy\dialects\sqlite\aiosqlite.py", line 183, in execute
    self._adapt_connection._handle_exception(error)
  File "C:\Users\User\AppData\Local\Programs\Python\Python311\Lib\site-packages\sqlalchemy\dialects\sqlite\aiosqlite.py", line 343, in _handle_exception
    raise error
  File "C:\Users\User\AppData\Local\Programs\Python\Python311\Lib\site-packages\sqlalchemy\dialects\sqlite\aiosqlite.py", line 165, in execute
    self.await_(_cursor.execute(operation, parameters))
  File "C:\Users\User\AppData\Local\Programs\Python\Python311\Lib\site-packages\sqlalchemy\util\_concurrency_py3k.py", line 132, in await_only
    return current.parent.switch(awaitable)  # type: ignore[no-any-return,attr-defined] # noqa: E501
           ^^^^^^^^^^^^^^^^^^^^^^^^^^^^^^^^
  File "C:\Users\User\AppData\Local\Programs\Python\Python311\Lib\site-packages\sqlalchemy\util\_concurrency_py3k.py", line 196, in greenlet_spawn
    value = await result
            ^^^^^^^^^^^^
  File "C:\Users\User\AppData\Local\Programs\Python\Python311\Lib\site-packages\aiosqlite\cursor.py", line 40, in execute
    await self._execute(self._cursor.execute, sql, parameters)
  File "C:\Users\User\AppData\Local\Programs\Python\Python311\Lib\site-packages\aiosqlite\cursor.py", line 32, in _execute
    return await self._conn._execute(fn, *args, **kwargs)
           ^^^^^^^^^^^^^^^^^^^^^^^^^^^^^^^^^^^^^^^^^^^^^^
  File "C:\Users\User\AppData\Local\Programs\Python\Python311\Lib\site-packages\aiosqlite\core.py", line 160, in _execute
    return await future
           ^^^^^^^^^^^^
  File "C:\Users\User\AppData\Local\Programs\Python\Python311\Lib\site-packages\aiosqlite\core.py", line 63, in _connection_worker_thread
    result = function()
             ^^^^^^^^^^
sqlalchemy.exc.OperationalError: (sqlite3.OperationalError) no such column: real_orders.ml_billing_inject_status
[SQL: SELECT real_orders.id, real_orders.external_id, real_orders.customer_name, real_orders.customer_email, real_orders.customer_phone, real_orders.status_id, real_orders.status_name, real_orders.total_amount, real_orders.channel_name, real_orders.items_json, real_orders.created_at, real_orders.shipping_id, real_orders.shipping_status, real_orders.tracking_number, real_orders.shipping_address_json, real_orders.marketplace_fee, real_orders.buyer_doc, real_orders.pack_id, real_orders.enrichment_json, real_orders.picked_by, real_orders.picked_by_id, real_orders.picked_from_status_id, real_orders.picked_from_status_name, real_orders.picked_at, real_orders.bling_pedido_id, real_orders.bling_nfe_id, real_orders.bling_status, real_orders.bling_last_error, real_orders.bling_pushed_at, real_orders.nfe_access_key, real_orders.ml_billing_inject_status, real_orders.zpl_status, real_orders.zpl_path, real_orders.zpl_ready_at, real_orders.zpl_armed, real_orders.zpl_content, real_orders.zpl_printed_at 
FROM real_orders ORDER BY real_orders.id DESC]
(Background on this error at: https://sqlalche.me/e/20/e3q8)
INFO:     Shutting down
INFO:     Waiting for application shutdown.
INFO:     Application shutdown complete.
INFO:     Finished server process [1828]
WARNING:  WatchFiles detected changes in 'src\presentation\routers\operators.py', 'src\domain\integration_plugins.py', 'src\presentation\routers\webhooks.py', 'src\presentation\routers\web_ui.py'. Reloading...
INFO:     Started server process [12056]
INFO:     Waiting for application startup.
INFO:     Application startup complete.
ERROR:    Exception in ASGI application
Traceback (most recent call last):
  File "C:\Users\User\AppData\Local\Programs\Python\Python311\Lib\site-packages\sqlalchemy\engine\base.py", line 1969, in _exec_single_context
    self.dialect.do_execute(
  File "C:\Users\User\AppData\Local\Programs\Python\Python311\Lib\site-packages\sqlalchemy\engine\default.py", line 952, in do_execute
    cursor.execute(statement, parameters)
  File "C:\Users\User\AppData\Local\Programs\Python\Python311\Lib\site-packages\sqlalchemy\dialects\sqlite\aiosqlite.py", line 183, in execute
    self._adapt_connection._handle_exception(error)
  File "C:\Users\User\AppData\Local\Programs\Python\Python311\Lib\site-packages\sqlalchemy\dialects\sqlite\aiosqlite.py", line 343, in _handle_exception
    raise error
  File "C:\Users\User\AppData\Local\Programs\Python\Python311\Lib\site-packages\sqlalchemy\dialects\sqlite\aiosqlite.py", line 165, in execute
    self.await_(_cursor.execute(operation, parameters))
  File "C:\Users\User\AppData\Local\Programs\Python\Python311\Lib\site-packages\sqlalchemy\util\_concurrency_py3k.py", line 132, in await_only
    return current.parent.switch(awaitable)  # type: ignore[no-any-return,attr-defined] # noqa: E501
           ^^^^^^^^^^^^^^^^^^^^^^^^^^^^^^^^
  File "C:\Users\User\AppData\Local\Programs\Python\Python311\Lib\site-packages\sqlalchemy\util\_concurrency_py3k.py", line 196, in greenlet_spawn
    value = await result
            ^^^^^^^^^^^^
  File "C:\Users\User\AppData\Local\Programs\Python\Python311\Lib\site-packages\aiosqlite\cursor.py", line 40, in execute
    await self._execute(self._cursor.execute, sql, parameters)
  File "C:\Users\User\AppData\Local\Programs\Python\Python311\Lib\site-packages\aiosqlite\cursor.py", line 32, in _execute
    return await self._conn._execute(fn, *args, **kwargs)
           ^^^^^^^^^^^^^^^^^^^^^^^^^^^^^^^^^^^^^^^^^^^^^^
  File "C:\Users\User\AppData\Local\Programs\Python\Python311\Lib\site-packages\aiosqlite\core.py", line 160, in _execute
    return await future
           ^^^^^^^^^^^^
  File "C:\Users\User\AppData\Local\Programs\Python\Python311\Lib\site-packages\aiosqlite\core.py", line 63, in _connection_worker_thread
    result = function()
             ^^^^^^^^^^
sqlite3.OperationalError: no such column: real_orders.ml_billing_inject_status

The above exception was the direct cause of the following exception:

Traceback (most recent call last):
  File "C:\Users\User\AppData\Local\Programs\Python\Python311\Lib\site-packages\uvicorn\protocols\http\httptools_impl.py", line 422, in run_asgi
    result = await app(  # type: ignore[func-returns-value]
             ^^^^^^^^^^^^^^^^^^^^^^^^^^^^^^^^^^^^^^^^^^^^^^
  File "C:\Users\User\AppData\Local\Programs\Python\Python311\Lib\site-packages\uvicorn\middleware\proxy_headers.py", line 63, in __call__
    return await self.app(scope, receive, send)
           ^^^^^^^^^^^^^^^^^^^^^^^^^^^^^^^^^^^^
  File "C:\Users\User\AppData\Local\Programs\Python\Python311\Lib\site-packages\fastapi\applications.py", line 1163, in __call__
    await super().__call__(scope, receive, send)
  File "C:\Users\User\AppData\Local\Programs\Python\Python311\Lib\site-packages\starlette\applications.py", line 90, in __call__
    await self.middleware_stack(scope, receive, send)
  File "C:\Users\User\AppData\Local\Programs\Python\Python311\Lib\site-packages\starlette\middleware\errors.py", line 186, in __call__
    raise exc
  File "C:\Users\User\AppData\Local\Programs\Python\Python311\Lib\site-packages\starlette\middleware\errors.py", line 164, in __call__
    await self.app(scope, receive, _send)
  File "C:\Users\User\AppData\Local\Programs\Python\Python311\Lib\site-packages\starlette\middleware\cors.py", line 88, in __call__
    await self.app(scope, receive, send)
  File "C:\Users\User\AppData\Local\Programs\Python\Python311\Lib\site-packages\starlette\middleware\exceptions.py", line 63, in __call__
    await wrap_app_handling_exceptions(self.app, conn)(scope, receive, send)
  File "C:\Users\User\AppData\Local\Programs\Python\Python311\Lib\site-packages\starlette\_exception_handler.py", line 53, in wrapped_app
    raise exc
  File "C:\Users\User\AppData\Local\Programs\Python\Python311\Lib\site-packages\starlette\_exception_handler.py", line 42, in wrapped_app
    await app(scope, receive, sender)
  File "C:\Users\User\AppData\Local\Programs\Python\Python311\Lib\site-packages\fastapi\middleware\asyncexitstack.py", line 18, in __call__
    await self.app(scope, receive, send)
  File "C:\Users\User\AppData\Local\Programs\Python\Python311\Lib\site-packages\starlette\routing.py", line 660, in __call__
    await self.middleware_stack(scope, receive, send)
  File "C:\Users\User\AppData\Local\Programs\Python\Python311\Lib\site-packages\fastapi\routing.py", line 2685, in app
    await route.handle(scope, receive, send)
  File "C:\Users\User\AppData\Local\Programs\Python\Python311\Lib\site-packages\fastapi\routing.py", line 1766, in handle
    await self.original_router.handle(scope, receive, send)
  File "C:\Users\User\AppData\Local\Programs\Python\Python311\Lib\site-packages\fastapi\routing.py", line 2740, in handle
    await included_router._handle_selected(scope, receive, send)
  File "C:\Users\User\AppData\Local\Programs\Python\Python311\Lib\site-packages\fastapi\routing.py", line 1786, in _handle_selected
    await original_route.handle(scope, receive, send)
  File "C:\Users\User\AppData\Local\Programs\Python\Python311\Lib\site-packages\fastapi\routing.py", line 1265, in handle
    await app(scope, receive, send)
  File "C:\Users\User\AppData\Local\Programs\Python\Python311\Lib\site-packages\fastapi\routing.py", line 151, in app
    await wrap_app_handling_exceptions(app, request)(scope, receive, send)
  File "C:\Users\User\AppData\Local\Programs\Python\Python311\Lib\site-packages\starlette\_exception_handler.py", line 53, in wrapped_app
    raise exc
  File "C:\Users\User\AppData\Local\Programs\Python\Python311\Lib\site-packages\starlette\_exception_handler.py", line 42, in wrapped_app
    await app(scope, receive, sender)
  File "C:\Users\User\AppData\Local\Programs\Python\Python311\Lib\site-packages\fastapi\routing.py", line 137, in app
    response = await f(request)
               ^^^^^^^^^^^^^^^^
  File "C:\Users\User\AppData\Local\Programs\Python\Python311\Lib\site-packages\fastapi\routing.py", line 691, in app
    raw_response = await run_endpoint_function(
                   ^^^^^^^^^^^^^^^^^^^^^^^^^^^^
  File "C:\Users\User\AppData\Local\Programs\Python\Python311\Lib\site-packages\fastapi\routing.py", line 345, in run_endpoint_function
    return await dependant.call(**values)
           ^^^^^^^^^^^^^^^^^^^^^^^^^^^^^^
  File "G:\Meu Drive\BASE ANTIGRAVITY\apps\api\src\presentation\routers\web_ui.py", line 37, in get_web_ui
    order_res = await session.execute(select(RealOrderDB).order_by(RealOrderDB.id.desc()))
                ^^^^^^^^^^^^^^^^^^^^^^^^^^^^^^^^^^^^^^^^^^^^^^^^^^^^^^^^^^^^^^^^^^^^^^^^^^
  File "C:\Users\User\AppData\Local\Programs\Python\Python311\Lib\site-packages\sqlalchemy\ext\asyncio\session.py", line 448, in execute
    result = await greenlet_spawn(
             ^^^^^^^^^^^^^^^^^^^^^
  File "C:\Users\User\AppData\Local\Programs\Python\Python311\Lib\site-packages\sqlalchemy\util\_concurrency_py3k.py", line 201, in greenlet_spawn
    result = context.throw(*sys.exc_info())
             ^^^^^^^^^^^^^^^^^^^^^^^^^^^^^^
  File "C:\Users\User\AppData\Local\Programs\Python\Python311\Lib\site-packages\sqlalchemy\orm\session.py", line 2373, in execute
    return self._execute_internal(
           ^^^^^^^^^^^^^^^^^^^^^^^
  File "C:\Users\User\AppData\Local\Programs\Python\Python311\Lib\site-packages\sqlalchemy\orm\session.py", line 2271, in _execute_internal
    result: Result[Any] = compile_state_cls.orm_execute_statement(
                          ^^^^^^^^^^^^^^^^^^^^^^^^^^^^^^^^^^^^^^^^
  File "C:\Users\User\AppData\Local\Programs\Python\Python311\Lib\site-packages\sqlalchemy\orm\context.py", line 306, in orm_execute_statement
    result = conn.execute(
             ^^^^^^^^^^^^^
  File "C:\Users\User\AppData\Local\Programs\Python\Python311\Lib\site-packages\sqlalchemy\engine\base.py", line 1421, in execute
    return meth(
           ^^^^^
  File "C:\Users\User\AppData\Local\Programs\Python\Python311\Lib\site-packages\sqlalchemy\sql\elements.py", line 526, in _execute_on_connection
    return connection._execute_clauseelement(
           ^^^^^^^^^^^^^^^^^^^^^^^^^^^^^^^^^^
  File "C:\Users\User\AppData\Local\Programs\Python\Python311\Lib\site-packages\sqlalchemy\engine\base.py", line 1643, in _execute_clauseelement
    ret = self._execute_context(
          ^^^^^^^^^^^^^^^^^^^^^^
  File "C:\Users\User\AppData\Local\Programs\Python\Python311\Lib\site-packages\sqlalchemy\engine\base.py", line 1848, in _execute_context
    return self._exec_single_context(
           ^^^^^^^^^^^^^^^^^^^^^^^^^^
  File "C:\Users\User\AppData\Local\Programs\Python\Python311\Lib\site-packages\sqlalchemy\engine\base.py", line 1988, in _exec_single_context
    self._handle_dbapi_exception(
  File "C:\Users\User\AppData\Local\Programs\Python\Python311\Lib\site-packages\sqlalchemy\engine\base.py", line 2365, in _handle_dbapi_exception
    raise sqlalchemy_exception.with_traceback(exc_info[2]) from e
  File "C:\Users\User\AppData\Local\Programs\Python\Python311\Lib\site-packages\sqlalchemy\engine\base.py", line 1969, in _exec_single_context
    self.dialect.do_execute(
  File "C:\Users\User\AppData\Local\Programs\Python\Python311\Lib\site-packages\sqlalchemy\engine\default.py", line 952, in do_execute
    cursor.execute(statement, parameters)
  File "C:\Users\User\AppData\Local\Programs\Python\Python311\Lib\site-packages\sqlalchemy\dialects\sqlite\aiosqlite.py", line 183, in execute
    self._adapt_connection._handle_exception(error)
  File "C:\Users\User\AppData\Local\Programs\Python\Python311\Lib\site-packages\sqlalchemy\dialects\sqlite\aiosqlite.py", line 343, in _handle_exception
    raise error
  File "C:\Users\User\AppData\Local\Programs\Python\Python311\Lib\site-packages\sqlalchemy\dialects\sqlite\aiosqlite.py", line 165, in execute
    self.await_(_cursor.execute(operation, parameters))
  File "C:\Users\User\AppData\Local\Programs\Python\Python311\Lib\site-packages\sqlalchemy\util\_concurrency_py3k.py", line 132, in await_only
    return current.parent.switch(awaitable)  # type: ignore[no-any-return,attr-defined] # noqa: E501
           ^^^^^^^^^^^^^^^^^^^^^^^^^^^^^^^^
  File "C:\Users\User\AppData\Local\Programs\Python\Python311\Lib\site-packages\sqlalchemy\util\_concurrency_py3k.py", line 196, in greenlet_spawn
    value = await result
            ^^^^^^^^^^^^
  File "C:\Users\User\AppData\Local\Programs\Python\Python311\Lib\site-packages\aiosqlite\cursor.py", line 40, in execute
    await self._execute(self._cursor.execute, sql, parameters)
  File "C:\Users\User\AppData\Local\Programs\Python\Python311\Lib\site-packages\aiosqlite\cursor.py", line 32, in _execute
    return await self._conn._execute(fn, *args, **kwargs)
           ^^^^^^^^^^^^^^^^^^^^^^^^^^^^^^^^^^^^^^^^^^^^^^
  File "C:\Users\User\AppData\Local\Programs\Python\Python311\Lib\site-packages\aiosqlite\core.py", line 160, in _execute
    return await future
           ^^^^^^^^^^^^
  File "C:\Users\User\AppData\Local\Programs\Python\Python311\Lib\site-packages\aiosqlite\core.py", line 63, in _connection_worker_thread
    result = function()
             ^^^^^^^^^^
sqlalchemy.exc.OperationalError: (sqlite3.OperationalError) no such column: real_orders.ml_billing_inject_status
[SQL: SELECT real_orders.id, real_orders.external_id, real_orders.customer_name, real_orders.customer_email, real_orders.customer_phone, real_orders.status_id, real_orders.status_name, real_orders.total_amount, real_orders.channel_name, real_orders.items_json, real_orders.created_at, real_orders.shipping_id, real_orders.shipping_status, real_orders.tracking_number, real_orders.shipping_address_json, real_orders.marketplace_fee, real_orders.buyer_doc, real_orders.pack_id, real_orders.enrichment_json, real_orders.picked_by, real_orders.picked_by_id, real_orders.picked_from_status_id, real_orders.picked_from_status_name, real_orders.picked_at, real_orders.bling_pedido_id, real_orders.bling_nfe_id, real_orders.bling_status, real_orders.bling_last_error, real_orders.bling_pushed_at, real_orders.nfe_access_key, real_orders.ml_billing_inject_status, real_orders.zpl_status, real_orders.zpl_path, real_orders.zpl_ready_at, real_orders.zpl_armed, real_orders.zpl_content, real_orders.zpl_printed_at 
FROM real_orders ORDER BY real_orders.id DESC]
(Background on this error at: https://sqlalche.me/e/20/e3q8)
ERROR:    Exception in ASGI application
Traceback (most recent call last):
  File "C:\Users\User\AppData\Local\Programs\Python\Python311\Lib\site-packages\sqlalchemy\engine\base.py", line 1969, in _exec_single_context
    self.dialect.do_execute(
  File "C:\Users\User\AppData\Local\Programs\Python\Python311\Lib\site-packages\sqlalchemy\engine\default.py", line 952, in do_execute
    cursor.execute(statement, parameters)
  File "C:\Users\User\AppData\Local\Programs\Python\Python311\Lib\site-packages\sqlalchemy\dialects\sqlite\aiosqlite.py", line 183, in execute
    self._adapt_connection._handle_exception(error)
  File "C:\Users\User\AppData\Local\Programs\Python\Python311\Lib\site-packages\sqlalchemy\dialects\sqlite\aiosqlite.py", line 343, in _handle_exception
    raise error
  File "C:\Users\User\AppData\Local\Programs\Python\Python311\Lib\site-packages\sqlalchemy\dialects\sqlite\aiosqlite.py", line 165, in execute
    self.await_(_cursor.execute(operation, parameters))
  File "C:\Users\User\AppData\Local\Programs\Python\Python311\Lib\site-packages\sqlalchemy\util\_concurrency_py3k.py", line 132, in await_only
    return current.parent.switch(awaitable)  # type: ignore[no-any-return,attr-defined] # noqa: E501
           ^^^^^^^^^^^^^^^^^^^^^^^^^^^^^^^^
  File "C:\Users\User\AppData\Local\Programs\Python\Python311\Lib\site-packages\sqlalchemy\util\_concurrency_py3k.py", line 196, in greenlet_spawn
    value = await result
            ^^^^^^^^^^^^
  File "C:\Users\User\AppData\Local\Programs\Python\Python311\Lib\site-packages\aiosqlite\cursor.py", line 40, in execute
    await self._execute(self._cursor.execute, sql, parameters)
  File "C:\Users\User\AppData\Local\Programs\Python\Python311\Lib\site-packages\aiosqlite\cursor.py", line 32, in _execute
    return await self._conn._execute(fn, *args, **kwargs)
           ^^^^^^^^^^^^^^^^^^^^^^^^^^^^^^^^^^^^^^^^^^^^^^
  File "C:\Users\User\AppData\Local\Programs\Python\Python311\Lib\site-packages\aiosqlite\core.py", line 160, in _execute
    return await future
           ^^^^^^^^^^^^
  File "C:\Users\User\AppData\Local\Programs\Python\Python311\Lib\site-packages\aiosqlite\core.py", line 63, in _connection_worker_thread
    result = function()
             ^^^^^^^^^^
sqlite3.OperationalError: no such column: real_orders.ml_billing_inject_status

The above exception was the direct cause of the following exception:

Traceback (most recent call last):
  File "C:\Users\User\AppData\Local\Programs\Python\Python311\Lib\site-packages\uvicorn\protocols\http\httptools_impl.py", line 422, in run_asgi
    result = await app(  # type: ignore[func-returns-value]
             ^^^^^^^^^^^^^^^^^^^^^^^^^^^^^^^^^^^^^^^^^^^^^^
  File "C:\Users\User\AppData\Local\Programs\Python\Python311\Lib\site-packages\uvicorn\middleware\proxy_headers.py", line 63, in __call__
    return await self.app(scope, receive, send)
           ^^^^^^^^^^^^^^^^^^^^^^^^^^^^^^^^^^^^
  File "C:\Users\User\AppData\Local\Programs\Python\Python311\Lib\site-packages\fastapi\applications.py", line 1163, in __call__
    await super().__call__(scope, receive, send)
  File "C:\Users\User\AppData\Local\Programs\Python\Python311\Lib\site-packages\starlette\applications.py", line 90, in __call__
    await self.middleware_stack(scope, receive, send)
  File "C:\Users\User\AppData\Local\Programs\Python\Python311\Lib\site-packages\starlette\middleware\errors.py", line 186, in __call__
    raise exc
  File "C:\Users\User\AppData\Local\Programs\Python\Python311\Lib\site-packages\starlette\middleware\errors.py", line 164, in __call__
    await self.app(scope, receive, _send)
  File "C:\Users\User\AppData\Local\Programs\Python\Python311\Lib\site-packages\starlette\middleware\cors.py", line 88, in __call__
    await self.app(scope, receive, send)
  File "C:\Users\User\AppData\Local\Programs\Python\Python311\Lib\site-packages\starlette\middleware\exceptions.py", line 63, in __call__
    await wrap_app_handling_exceptions(self.app, conn)(scope, receive, send)
  File "C:\Users\User\AppData\Local\Programs\Python\Python311\Lib\site-packages\starlette\_exception_handler.py", line 53, in wrapped_app
    raise exc
  File "C:\Users\User\AppData\Local\Programs\Python\Python311\Lib\site-packages\starlette\_exception_handler.py", line 42, in wrapped_app
    await app(scope, receive, sender)
  File "C:\Users\User\AppData\Local\Programs\Python\Python311\Lib\site-packages\fastapi\middleware\asyncexitstack.py", line 18, in __call__
    await self.app(scope, receive, send)
  File "C:\Users\User\AppData\Local\Programs\Python\Python311\Lib\site-packages\starlette\routing.py", line 660, in __call__
    await self.middleware_stack(scope, receive, send)
  File "C:\Users\User\AppData\Local\Programs\Python\Python311\Lib\site-packages\fastapi\routing.py", line 2685, in app
    await route.handle(scope, receive, send)
  File "C:\Users\User\AppData\Local\Programs\Python\Python311\Lib\site-packages\fastapi\routing.py", line 1766, in handle
    await self.original_router.handle(scope, receive, send)
  File "C:\Users\User\AppData\Local\Programs\Python\Python311\Lib\site-packages\fastapi\routing.py", line 2740, in handle
    await included_router._handle_selected(scope, receive, send)
  File "C:\Users\User\AppData\Local\Programs\Python\Python311\Lib\site-packages\fastapi\routing.py", line 1786, in _handle_selected
    await original_route.handle(scope, receive, send)
  File "C:\Users\User\AppData\Local\Programs\Python\Python311\Lib\site-packages\fastapi\routing.py", line 1265, in handle
    await app(scope, receive, send)
  File "C:\Users\User\AppData\Local\Programs\Python\Python311\Lib\site-packages\fastapi\routing.py", line 151, in app
    await wrap_app_handling_exceptions(app, request)(scope, receive, send)
  File "C:\Users\User\AppData\Local\Programs\Python\Python311\Lib\site-packages\starlette\_exception_handler.py", line 53, in wrapped_app
    raise exc
  File "C:\Users\User\AppData\Local\Programs\Python\Python311\Lib\site-packages\starlette\_exception_handler.py", line 42, in wrapped_app
    await app(scope, receive, sender)
  File "C:\Users\User\AppData\Local\Programs\Python\Python311\Lib\site-packages\fastapi\routing.py", line 137, in app
    response = await f(request)
               ^^^^^^^^^^^^^^^^
  File "C:\Users\User\AppData\Local\Programs\Python\Python311\Lib\site-packages\fastapi\routing.py", line 691, in app
    raw_response = await run_endpoint_function(
                   ^^^^^^^^^^^^^^^^^^^^^^^^^^^^
  File "C:\Users\User\AppData\Local\Programs\Python\Python311\Lib\site-packages\fastapi\routing.py", line 345, in run_endpoint_function
    return await dependant.call(**values)
           ^^^^^^^^^^^^^^^^^^^^^^^^^^^^^^
  File "G:\Meu Drive\BASE ANTIGRAVITY\apps\api\src\presentation\routers\web_ui.py", line 37, in get_web_ui
    order_res = await session.execute(select(RealOrderDB).order_by(RealOrderDB.id.desc()))
                ^^^^^^^^^^^^^^^^^^^^^^^^^^^^^^^^^^^^^^^^^^^^^^^^^^^^^^^^^^^^^^^^^^^^^^^^^^
  File "C:\Users\User\AppData\Local\Programs\Python\Python311\Lib\site-packages\sqlalchemy\ext\asyncio\session.py", line 448, in execute
    result = await greenlet_spawn(
             ^^^^^^^^^^^^^^^^^^^^^
  File "C:\Users\User\AppData\Local\Programs\Python\Python311\Lib\site-packages\sqlalchemy\util\_concurrency_py3k.py", line 201, in greenlet_spawn
    result = context.throw(*sys.exc_info())
             ^^^^^^^^^^^^^^^^^^^^^^^^^^^^^^
  File "C:\Users\User\AppData\Local\Programs\Python\Python311\Lib\site-packages\sqlalchemy\orm\session.py", line 2373, in execute
    return self._execute_internal(
           ^^^^^^^^^^^^^^^^^^^^^^^
  File "C:\Users\User\AppData\Local\Programs\Python\Python311\Lib\site-packages\sqlalchemy\orm\session.py", line 2271, in _execute_internal
    result: Result[Any] = compile_state_cls.orm_execute_statement(
                          ^^^^^^^^^^^^^^^^^^^^^^^^^^^^^^^^^^^^^^^^
  File "C:\Users\User\AppData\Local\Programs\Python\Python311\Lib\site-packages\sqlalchemy\orm\context.py", line 306, in orm_execute_statement
    result = conn.execute(
             ^^^^^^^^^^^^^
  File "C:\Users\User\AppData\Local\Programs\Python\Python311\Lib\site-packages\sqlalchemy\engine\base.py", line 1421, in execute
    return meth(
           ^^^^^
  File "C:\Users\User\AppData\Local\Programs\Python\Python311\Lib\site-packages\sqlalchemy\sql\elements.py", line 526, in _execute_on_connection
    return connection._execute_clauseelement(
           ^^^^^^^^^^^^^^^^^^^^^^^^^^^^^^^^^^
  File "C:\Users\User\AppData\Local\Programs\Python\Python311\Lib\site-packages\sqlalchemy\engine\base.py", line 1643, in _execute_clauseelement
    ret = self._execute_context(
          ^^^^^^^^^^^^^^^^^^^^^^
  File "C:\Users\User\AppData\Local\Programs\Python\Python311\Lib\site-packages\sqlalchemy\engine\base.py", line 1848, in _execute_context
    return self._exec_single_context(
           ^^^^^^^^^^^^^^^^^^^^^^^^^^
  File "C:\Users\User\AppData\Local\Programs\Python\Python311\Lib\site-packages\sqlalchemy\engine\base.py", line 1988, in _exec_single_context
    self._handle_dbapi_exception(
  File "C:\Users\User\AppData\Local\Programs\Python\Python311\Lib\site-packages\sqlalchemy\engine\base.py", line 2365, in _handle_dbapi_exception
    raise sqlalchemy_exception.with_traceback(exc_info[2]) from e
  File "C:\Users\User\AppData\Local\Programs\Python\Python311\Lib\site-packages\sqlalchemy\engine\base.py", line 1969, in _exec_single_context
    self.dialect.do_execute(
  File "C:\Users\User\AppData\Local\Programs\Python\Python311\Lib\site-packages\sqlalchemy\engine\default.py", line 952, in do_execute
    cursor.execute(statement, parameters)
  File "C:\Users\User\AppData\Local\Programs\Python\Python311\Lib\site-packages\sqlalchemy\dialects\sqlite\aiosqlite.py", line 183, in execute
    self._adapt_connection._handle_exception(error)
  File "C:\Users\User\AppData\Local\Programs\Python\Python311\Lib\site-packages\sqlalchemy\dialects\sqlite\aiosqlite.py", line 343, in _handle_exception
    raise error
  File "C:\Users\User\AppData\Local\Programs\Python\Python311\Lib\site-packages\sqlalchemy\dialects\sqlite\aiosqlite.py", line 165, in execute
    self.await_(_cursor.execute(operation, parameters))
  File "C:\Users\User\AppData\Local\Programs\Python\Python311\Lib\site-packages\sqlalchemy\util\_concurrency_py3k.py", line 132, in await_only
    return current.parent.switch(awaitable)  # type: ignore[no-any-return,attr-defined] # noqa: E501
           ^^^^^^^^^^^^^^^^^^^^^^^^^^^^^^^^
  File "C:\Users\User\AppData\Local\Programs\Python\Python311\Lib\site-packages\sqlalchemy\util\_concurrency_py3k.py", line 196, in greenlet_spawn
    value = await result
            ^^^^^^^^^^^^
  File "C:\Users\User\AppData\Local\Programs\Python\Python311\Lib\site-packages\aiosqlite\cursor.py", line 40, in execute
    await self._execute(self._cursor.execute, sql, parameters)
  File "C:\Users\User\AppData\Local\Programs\Python\Python311\Lib\site-packages\aiosqlite\cursor.py", line 32, in _execute
    return await self._conn._execute(fn, *args, **kwargs)
           ^^^^^^^^^^^^^^^^^^^^^^^^^^^^^^^^^^^^^^^^^^^^^^
  File "C:\Users\User\AppData\Local\Programs\Python\Python311\Lib\site-packages\aiosqlite\core.py", line 160, in _execute
    return await future
           ^^^^^^^^^^^^
  File "C:\Users\User\AppData\Local\Programs\Python\Python311\Lib\site-packages\aiosqlite\core.py", line 63, in _connection_worker_thread
    result = function()
             ^^^^^^^^^^
sqlalchemy.exc.OperationalError: (sqlite3.OperationalError) no such column: real_orders.ml_billing_inject_status
[SQL: SELECT real_orders.id, real_orders.external_id, real_orders.customer_name, real_orders.customer_email, real_orders.customer_phone, real_orders.status_id, real_orders.status_name, real_orders.total_amount, real_orders.channel_name, real_orders.items_json, real_orders.created_at, real_orders.shipping_id, real_orders.shipping_status, real_orders.tracking_number, real_orders.shipping_address_json, real_orders.marketplace_fee, real_orders.buyer_doc, real_orders.pack_id, real_orders.enrichment_json, real_orders.picked_by, real_orders.picked_by_id, real_orders.picked_from_status_id, real_orders.picked_from_status_name, real_orders.picked_at, real_orders.bling_pedido_id, real_orders.bling_nfe_id, real_orders.bling_status, real_orders.bling_last_error, real_orders.bling_pushed_at, real_orders.nfe_access_key, real_orders.ml_billing_inject_status, real_orders.zpl_status, real_orders.zpl_path, real_orders.zpl_ready_at, real_orders.zpl_armed, real_orders.zpl_content, real_orders.zpl_printed_at 
FROM real_orders ORDER BY real_orders.id DESC]
(Background on this error at: https://sqlalche.me/e/20/e3q8)
WARNING:  WatchFiles detected changes in 'src\presentation\routers\webhooks.py'. Reloading...
ERROR:    Exception in ASGI application
Traceback (most recent call last):
  File "C:\Users\User\AppData\Local\Programs\Python\Python311\Lib\site-packages\sqlalchemy\engine\base.py", line 1969, in _exec_single_context
    self.dialect.do_execute(
  File "C:\Users\User\AppData\Local\Programs\Python\Python311\Lib\site-packages\sqlalchemy\engine\default.py", line 952, in do_execute
    cursor.execute(statement, parameters)
  File "C:\Users\User\AppData\Local\Programs\Python\Python311\Lib\site-packages\sqlalchemy\dialects\sqlite\aiosqlite.py", line 183, in execute
    self._adapt_connection._handle_exception(error)
  File "C:\Users\User\AppData\Local\Programs\Python\Python311\Lib\site-packages\sqlalchemy\dialects\sqlite\aiosqlite.py", line 343, in _handle_exception
    raise error
  File "C:\Users\User\AppData\Local\Programs\Python\Python311\Lib\site-packages\sqlalchemy\dialects\sqlite\aiosqlite.py", line 165, in execute
    self.await_(_cursor.execute(operation, parameters))
  File "C:\Users\User\AppData\Local\Programs\Python\Python311\Lib\site-packages\sqlalchemy\util\_concurrency_py3k.py", line 132, in await_only
    return current.parent.switch(awaitable)  # type: ignore[no-any-return,attr-defined] # noqa: E501
           ^^^^^^^^^^^^^^^^^^^^^^^^^^^^^^^^
  File "C:\Users\User\AppData\Local\Programs\Python\Python311\Lib\site-packages\sqlalchemy\util\_concurrency_py3k.py", line 196, in greenlet_spawn
    value = await result
            ^^^^^^^^^^^^
  File "C:\Users\User\AppData\Local\Programs\Python\Python311\Lib\site-packages\aiosqlite\cursor.py", line 40, in execute
    await self._execute(self._cursor.execute, sql, parameters)
  File "C:\Users\User\AppData\Local\Programs\Python\Python311\Lib\site-packages\aiosqlite\cursor.py", line 32, in _execute
    return await self._conn._execute(fn, *args, **kwargs)
           ^^^^^^^^^^^^^^^^^^^^^^^^^^^^^^^^^^^^^^^^^^^^^^
  File "C:\Users\User\AppData\Local\Programs\Python\Python311\Lib\site-packages\aiosqlite\core.py", line 160, in _execute
    return await future
           ^^^^^^^^^^^^
  File "C:\Users\User\AppData\Local\Programs\Python\Python311\Lib\site-packages\aiosqlite\core.py", line 63, in _connection_worker_thread
    result = function()
             ^^^^^^^^^^
sqlite3.OperationalError: no such column: real_orders.ml_billing_inject_status

The above exception was the direct cause of the following exception:

Traceback (most recent call last):
  File "C:\Users\User\AppData\Local\Programs\Python\Python311\Lib\site-packages\uvicorn\protocols\http\httptools_impl.py", line 422, in run_asgi
    result = await app(  # type: ignore[func-returns-value]
             ^^^^^^^^^^^^^^^^^^^^^^^^^^^^^^^^^^^^^^^^^^^^^^
  File "C:\Users\User\AppData\Local\Programs\Python\Python311\Lib\site-packages\uvicorn\middleware\proxy_headers.py", line 63, in __call__
    return await self.app(scope, receive, send)
           ^^^^^^^^^^^^^^^^^^^^^^^^^^^^^^^^^^^^
  File "C:\Users\User\AppData\Local\Programs\Python\Python311\Lib\site-packages\fastapi\applications.py", line 1163, in __call__
    await super().__call__(scope, receive, send)
  File "C:\Users\User\AppData\Local\Programs\Python\Python311\Lib\site-packages\starlette\applications.py", line 90, in __call__
    await self.middleware_stack(scope, receive, send)
  File "C:\Users\User\AppData\Local\Programs\Python\Python311\Lib\site-packages\starlette\middleware\errors.py", line 186, in __call__
    raise exc
  File "C:\Users\User\AppData\Local\Programs\Python\Python311\Lib\site-packages\starlette\middleware\errors.py", line 164, in __call__
    await self.app(scope, receive, _send)
  File "C:\Users\User\AppData\Local\Programs\Python\Python311\Lib\site-packages\starlette\middleware\cors.py", line 88, in __call__
    await self.app(scope, receive, send)
  File "C:\Users\User\AppData\Local\Programs\Python\Python311\Lib\site-packages\starlette\middleware\exceptions.py", line 63, in __call__
    await wrap_app_handling_exceptions(self.app, conn)(scope, receive, send)
  File "C:\Users\User\AppData\Local\Programs\Python\Python311\Lib\site-packages\starlette\_exception_handler.py", line 53, in wrapped_app
    raise exc
  File "C:\Users\User\AppData\Local\Programs\Python\Python311\Lib\site-packages\starlette\_exception_handler.py", line 42, in wrapped_app
    await app(scope, receive, sender)
  File "C:\Users\User\AppData\Local\Programs\Python\Python311\Lib\site-packages\fastapi\middleware\asyncexitstack.py", line 18, in __call__
    await self.app(scope, receive, send)
  File "C:\Users\User\AppData\Local\Programs\Python\Python311\Lib\site-packages\starlette\routing.py", line 660, in __call__
    await self.middleware_stack(scope, receive, send)
  File "C:\Users\User\AppData\Local\Programs\Python\Python311\Lib\site-packages\fastapi\routing.py", line 2685, in app
    await route.handle(scope, receive, send)
  File "C:\Users\User\AppData\Local\Programs\Python\Python311\Lib\site-packages\fastapi\routing.py", line 1766, in handle
    await self.original_router.handle(scope, receive, send)
  File "C:\Users\User\AppData\Local\Programs\Python\Python311\Lib\site-packages\fastapi\routing.py", line 2740, in handle
    await included_router._handle_selected(scope, receive, send)
  File "C:\Users\User\AppData\Local\Programs\Python\Python311\Lib\site-packages\fastapi\routing.py", line 1786, in _handle_selected
    await original_route.handle(scope, receive, send)
  File "C:\Users\User\AppData\Local\Programs\Python\Python311\Lib\site-packages\fastapi\routing.py", line 1265, in handle
    await app(scope, receive, send)
  File "C:\Users\User\AppData\Local\Programs\Python\Python311\Lib\site-packages\fastapi\routing.py", line 151, in app
    await wrap_app_handling_exceptions(app, request)(scope, receive, send)
  File "C:\Users\User\AppData\Local\Programs\Python\Python311\Lib\site-packages\starlette\_exception_handler.py", line 53, in wrapped_app
    raise exc
  File "C:\Users\User\AppData\Local\Programs\Python\Python311\Lib\site-packages\starlette\_exception_handler.py", line 42, in wrapped_app
    await app(scope, receive, sender)
  File "C:\Users\User\AppData\Local\Programs\Python\Python311\Lib\site-packages\fastapi\routing.py", line 137, in app
    response = await f(request)
               ^^^^^^^^^^^^^^^^
  File "C:\Users\User\AppData\Local\Programs\Python\Python311\Lib\site-packages\fastapi\routing.py", line 691, in app
    raw_response = await run_endpoint_function(
                   ^^^^^^^^^^^^^^^^^^^^^^^^^^^^
  File "C:\Users\User\AppData\Local\Programs\Python\Python311\Lib\site-packages\fastapi\routing.py", line 345, in run_endpoint_function
    return await dependant.call(**values)
           ^^^^^^^^^^^^^^^^^^^^^^^^^^^^^^
  File "G:\Meu Drive\BASE ANTIGRAVITY\apps\api\src\presentation\routers\web_ui.py", line 37, in get_web_ui
    order_res = await session.execute(select(RealOrderDB).order_by(RealOrderDB.id.desc()))
                ^^^^^^^^^^^^^^^^^^^^^^^^^^^^^^^^^^^^^^^^^^^^^^^^^^^^^^^^^^^^^^^^^^^^^^^^^^
  File "C:\Users\User\AppData\Local\Programs\Python\Python311\Lib\site-packages\sqlalchemy\ext\asyncio\session.py", line 448, in execute
    result = await greenlet_spawn(
             ^^^^^^^^^^^^^^^^^^^^^
  File "C:\Users\User\AppData\Local\Programs\Python\Python311\Lib\site-packages\sqlalchemy\util\_concurrency_py3k.py", line 201, in greenlet_spawn
    result = context.throw(*sys.exc_info())
             ^^^^^^^^^^^^^^^^^^^^^^^^^^^^^^
  File "C:\Users\User\AppData\Local\Programs\Python\Python311\Lib\site-packages\sqlalchemy\orm\session.py", line 2373, in execute
    return self._execute_internal(
           ^^^^^^^^^^^^^^^^^^^^^^^
  File "C:\Users\User\AppData\Local\Programs\Python\Python311\Lib\site-packages\sqlalchemy\orm\session.py", line 2271, in _execute_internal
    result: Result[Any] = compile_state_cls.orm_execute_statement(
                          ^^^^^^^^^^^^^^^^^^^^^^^^^^^^^^^^^^^^^^^^
  File "C:\Users\User\AppData\Local\Programs\Python\Python311\Lib\site-packages\sqlalchemy\orm\context.py", line 306, in orm_execute_statement
    result = conn.execute(
             ^^^^^^^^^^^^^
  File "C:\Users\User\AppData\Local\Programs\Python\Python311\Lib\site-packages\sqlalchemy\engine\base.py", line 1421, in execute
    return meth(
           ^^^^^
  File "C:\Users\User\AppData\Local\Programs\Python\Python311\Lib\site-packages\sqlalchemy\sql\elements.py", line 526, in _execute_on_connection
    return connection._execute_clauseelement(
           ^^^^^^^^^^^^^^^^^^^^^^^^^^^^^^^^^^
  File "C:\Users\User\AppData\Local\Programs\Python\Python311\Lib\site-packages\sqlalchemy\engine\base.py", line 1643, in _execute_clauseelement
    ret = self._execute_context(
          ^^^^^^^^^^^^^^^^^^^^^^
  File "C:\Users\User\AppData\Local\Programs\Python\Python311\Lib\site-packages\sqlalchemy\engine\base.py", line 1848, in _execute_context
    return self._exec_single_context(
           ^^^^^^^^^^^^^^^^^^^^^^^^^^
  File "C:\Users\User\AppData\Local\Programs\Python\Python311\Lib\site-packages\sqlalchemy\engine\base.py", line 1988, in _exec_single_context
    self._handle_dbapi_exception(
  File "C:\Users\User\AppData\Local\Programs\Python\Python311\Lib\site-packages\sqlalchemy\engine\base.py", line 2365, in _handle_dbapi_exception
    raise sqlalchemy_exception.with_traceback(exc_info[2]) from e
  File "C:\Users\User\AppData\Local\Programs\Python\Python311\Lib\site-packages\sqlalchemy\engine\base.py", line 1969, in _exec_single_context
    self.dialect.do_execute(
  File "C:\Users\User\AppData\Local\Programs\Python\Python311\Lib\site-packages\sqlalchemy\engine\default.py", line 952, in do_execute
    cursor.execute(statement, parameters)
  File "C:\Users\User\AppData\Local\Programs\Python\Python311\Lib\site-packages\sqlalchemy\dialects\sqlite\aiosqlite.py", line 183, in execute
    self._adapt_connection._handle_exception(error)
  File "C:\Users\User\AppData\Local\Programs\Python\Python311\Lib\site-packages\sqlalchemy\dialects\sqlite\aiosqlite.py", line 343, in _handle_exception
    raise error
  File "C:\Users\User\AppData\Local\Programs\Python\Python311\Lib\site-packages\sqlalchemy\dialects\sqlite\aiosqlite.py", line 165, in execute
    self.await_(_cursor.execute(operation, parameters))
  File "C:\Users\User\AppData\Local\Programs\Python\Python311\Lib\site-packages\sqlalchemy\util\_concurrency_py3k.py", line 132, in await_only
    return current.parent.switch(awaitable)  # type: ignore[no-any-return,attr-defined] # noqa: E501
           ^^^^^^^^^^^^^^^^^^^^^^^^^^^^^^^^
  File "C:\Users\User\AppData\Local\Programs\Python\Python311\Lib\site-packages\sqlalchemy\util\_concurrency_py3k.py", line 196, in greenlet_spawn
    value = await result
            ^^^^^^^^^^^^
  File "C:\Users\User\AppData\Local\Programs\Python\Python311\Lib\site-packages\aiosqlite\cursor.py", line 40, in execute
    await self._execute(self._cursor.execute, sql, parameters)
  File "C:\Users\User\AppData\Local\Programs\Python\Python311\Lib\site-packages\aiosqlite\cursor.py", line 32, in _execute
    return await self._conn._execute(fn, *args, **kwargs)
           ^^^^^^^^^^^^^^^^^^^^^^^^^^^^^^^^^^^^^^^^^^^^^^
  File "C:\Users\User\AppData\Local\Programs\Python\Python311\Lib\site-packages\aiosqlite\core.py", line 160, in _execute
    return await future
           ^^^^^^^^^^^^
  File "C:\Users\User\AppData\Local\Programs\Python\Python311\Lib\site-packages\aiosqlite\core.py", line 63, in _connection_worker_thread
    result = function()
             ^^^^^^^^^^
sqlalchemy.exc.OperationalError: (sqlite3.OperationalError) no such column: real_orders.ml_billing_inject_status
[SQL: SELECT real_orders.id, real_orders.external_id, real_orders.customer_name, real_orders.customer_email, real_orders.customer_phone, real_orders.status_id, real_orders.status_name, real_orders.total_amount, real_orders.channel_name, real_orders.items_json, real_orders.created_at, real_orders.shipping_id, real_orders.shipping_status, real_orders.tracking_number, real_orders.shipping_address_json, real_orders.marketplace_fee, real_orders.buyer_doc, real_orders.pack_id, real_orders.enrichment_json, real_orders.picked_by, real_orders.picked_by_id, real_orders.picked_from_status_id, real_orders.picked_from_status_name, real_orders.picked_at, real_orders.bling_pedido_id, real_orders.bling_nfe_id, real_orders.bling_status, real_orders.bling_last_error, real_orders.bling_pushed_at, real_orders.nfe_access_key, real_orders.ml_billing_inject_status, real_orders.zpl_status, real_orders.zpl_path, real_orders.zpl_ready_at, real_orders.zpl_armed, real_orders.zpl_content, real_orders.zpl_printed_at 
FROM real_orders ORDER BY real_orders.id DESC]
(Background on this error at: https://sqlalche.me/e/20/e3q8)
ERROR:    Exception in ASGI application
Traceback (most recent call last):
  File "C:\Users\User\AppData\Local\Programs\Python\Python311\Lib\site-packages\sqlalchemy\engine\base.py", line 1969, in _exec_single_context
    self.dialect.do_execute(
  File "C:\Users\User\AppData\Local\Programs\Python\Python311\Lib\site-packages\sqlalchemy\engine\default.py", line 952, in do_execute
    cursor.execute(statement, parameters)
  File "C:\Users\User\AppData\Local\Programs\Python\Python311\Lib\site-packages\sqlalchemy\dialects\sqlite\aiosqlite.py", line 183, in execute
    self._adapt_connection._handle_exception(error)
  File "C:\Users\User\AppData\Local\Programs\Python\Python311\Lib\site-packages\sqlalchemy\dialects\sqlite\aiosqlite.py", line 343, in _handle_exception
    raise error
  File "C:\Users\User\AppData\Local\Programs\Python\Python311\Lib\site-packages\sqlalchemy\dialects\sqlite\aiosqlite.py", line 165, in execute
    self.await_(_cursor.execute(operation, parameters))
  File "C:\Users\User\AppData\Local\Programs\Python\Python311\Lib\site-packages\sqlalchemy\util\_concurrency_py3k.py", line 132, in await_only
    return current.parent.switch(awaitable)  # type: ignore[no-any-return,attr-defined] # noqa: E501
           ^^^^^^^^^^^^^^^^^^^^^^^^^^^^^^^^
  File "C:\Users\User\AppData\Local\Programs\Python\Python311\Lib\site-packages\sqlalchemy\util\_concurrency_py3k.py", line 196, in greenlet_spawn
    value = await result
            ^^^^^^^^^^^^
  File "C:\Users\User\AppData\Local\Programs\Python\Python311\Lib\site-packages\aiosqlite\cursor.py", line 40, in execute
    await self._execute(self._cursor.execute, sql, parameters)
  File "C:\Users\User\AppData\Local\Programs\Python\Python311\Lib\site-packages\aiosqlite\cursor.py", line 32, in _execute
    return await self._conn._execute(fn, *args, **kwargs)
           ^^^^^^^^^^^^^^^^^^^^^^^^^^^^^^^^^^^^^^^^^^^^^^
  File "C:\Users\User\AppData\Local\Programs\Python\Python311\Lib\site-packages\aiosqlite\core.py", line 160, in _execute
    return await future
           ^^^^^^^^^^^^
  File "C:\Users\User\AppData\Local\Programs\Python\Python311\Lib\site-packages\aiosqlite\core.py", line 63, in _connection_worker_thread
    result = function()
             ^^^^^^^^^^
sqlite3.OperationalError: no such column: real_orders.ml_billing_inject_status

The above exception was the direct cause of the following exception:

Traceback (most recent call last):
  File "C:\Users\User\AppData\Local\Programs\Python\Python311\Lib\site-packages\uvicorn\protocols\http\httptools_impl.py", line 422, in run_asgi
    result = await app(  # type: ignore[func-returns-value]
             ^^^^^^^^^^^^^^^^^^^^^^^^^^^^^^^^^^^^^^^^^^^^^^
  File "C:\Users\User\AppData\Local\Programs\Python\Python311\Lib\site-packages\uvicorn\middleware\proxy_headers.py", line 63, in __call__
    return await self.app(scope, receive, send)
           ^^^^^^^^^^^^^^^^^^^^^^^^^^^^^^^^^^^^
  File "C:\Users\User\AppData\Local\Programs\Python\Python311\Lib\site-packages\fastapi\applications.py", line 1163, in __call__
    await super().__call__(scope, receive, send)
  File "C:\Users\User\AppData\Local\Programs\Python\Python311\Lib\site-packages\starlette\applications.py", line 90, in __call__
    await self.middleware_stack(scope, receive, send)
  File "C:\Users\User\AppData\Local\Programs\Python\Python311\Lib\site-packages\starlette\middleware\errors.py", line 186, in __call__
    raise exc
  File "C:\Users\User\AppData\Local\Programs\Python\Python311\Lib\site-packages\starlette\middleware\errors.py", line 164, in __call__
    await self.app(scope, receive, _send)
  File "C:\Users\User\AppData\Local\Programs\Python\Python311\Lib\site-packages\starlette\middleware\cors.py", line 88, in __call__
    await self.app(scope, receive, send)
  File "C:\Users\User\AppData\Local\Programs\Python\Python311\Lib\site-packages\starlette\middleware\exceptions.py", line 63, in __call__
    await wrap_app_handling_exceptions(self.app, conn)(scope, receive, send)
  File "C:\Users\User\AppData\Local\Programs\Python\Python311\Lib\site-packages\starlette\_exception_handler.py", line 53, in wrapped_app
    raise exc
  File "C:\Users\User\AppData\Local\Programs\Python\Python311\Lib\site-packages\starlette\_exception_handler.py", line 42, in wrapped_app
    await app(scope, receive, sender)
  File "C:\Users\User\AppData\Local\Programs\Python\Python311\Lib\site-packages\fastapi\middleware\asyncexitstack.py", line 18, in __call__
    await self.app(scope, receive, send)
  File "C:\Users\User\AppData\Local\Programs\Python\Python311\Lib\site-packages\starlette\routing.py", line 660, in __call__
    await self.middleware_stack(scope, receive, send)
  File "C:\Users\User\AppData\Local\Programs\Python\Python311\Lib\site-packages\fastapi\routing.py", line 2685, in app
    await route.handle(scope, receive, send)
  File "C:\Users\User\AppData\Local\Programs\Python\Python311\Lib\site-packages\fastapi\routing.py", line 1766, in handle
    await self.original_router.handle(scope, receive, send)
  File "C:\Users\User\AppData\Local\Programs\Python\Python311\Lib\site-packages\fastapi\routing.py", line 2740, in handle
    await included_router._handle_selected(scope, receive, send)
  File "C:\Users\User\AppData\Local\Programs\Python\Python311\Lib\site-packages\fastapi\routing.py", line 1786, in _handle_selected
    await original_route.handle(scope, receive, send)
  File "C:\Users\User\AppData\Local\Programs\Python\Python311\Lib\site-packages\fastapi\routing.py", line 1265, in handle
    await app(scope, receive, send)
  File "C:\Users\User\AppData\Local\Programs\Python\Python311\Lib\site-packages\fastapi\routing.py", line 151, in app
    await wrap_app_handling_exceptions(app, request)(scope, receive, send)
  File "C:\Users\User\AppData\Local\Programs\Python\Python311\Lib\site-packages\starlette\_exception_handler.py", line 53, in wrapped_app
    raise exc
  File "C:\Users\User\AppData\Local\Programs\Python\Python311\Lib\site-packages\starlette\_exception_handler.py", line 42, in wrapped_app
    await app(scope, receive, sender)
  File "C:\Users\User\AppData\Local\Programs\Python\Python311\Lib\site-packages\fastapi\routing.py", line 137, in app
    response = await f(request)
               ^^^^^^^^^^^^^^^^
  File "C:\Users\User\AppData\Local\Programs\Python\Python311\Lib\site-packages\fastapi\routing.py", line 691, in app
    raw_response = await run_endpoint_function(
                   ^^^^^^^^^^^^^^^^^^^^^^^^^^^^
  File "C:\Users\User\AppData\Local\Programs\Python\Python311\Lib\site-packages\fastapi\routing.py", line 345, in run_endpoint_function
    return await dependant.call(**values)
           ^^^^^^^^^^^^^^^^^^^^^^^^^^^^^^
  File "G:\Meu Drive\BASE ANTIGRAVITY\apps\api\src\presentation\routers\web_ui.py", line 37, in get_web_ui
    order_res = await session.execute(select(RealOrderDB).order_by(RealOrderDB.id.desc()))
                ^^^^^^^^^^^^^^^^^^^^^^^^^^^^^^^^^^^^^^^^^^^^^^^^^^^^^^^^^^^^^^^^^^^^^^^^^^
  File "C:\Users\User\AppData\Local\Programs\Python\Python311\Lib\site-packages\sqlalchemy\ext\asyncio\session.py", line 448, in execute
    result = await greenlet_spawn(
             ^^^^^^^^^^^^^^^^^^^^^
  File "C:\Users\User\AppData\Local\Programs\Python\Python311\Lib\site-packages\sqlalchemy\util\_concurrency_py3k.py", line 201, in greenlet_spawn
    result = context.throw(*sys.exc_info())
             ^^^^^^^^^^^^^^^^^^^^^^^^^^^^^^
  File "C:\Users\User\AppData\Local\Programs\Python\Python311\Lib\site-packages\sqlalchemy\orm\session.py", line 2373, in execute
    return self._execute_internal(
           ^^^^^^^^^^^^^^^^^^^^^^^
  File "C:\Users\User\AppData\Local\Programs\Python\Python311\Lib\site-packages\sqlalchemy\orm\session.py", line 2271, in _execute_internal
    result: Result[Any] = compile_state_cls.orm_execute_statement(
                          ^^^^^^^^^^^^^^^^^^^^^^^^^^^^^^^^^^^^^^^^
  File "C:\Users\User\AppData\Local\Programs\Python\Python311\Lib\site-packages\sqlalchemy\orm\context.py", line 306, in orm_execute_statement
    result = conn.execute(
             ^^^^^^^^^^^^^
  File "C:\Users\User\AppData\Local\Programs\Python\Python311\Lib\site-packages\sqlalchemy\engine\base.py", line 1421, in execute
    return meth(
           ^^^^^
  File "C:\Users\User\AppData\Local\Programs\Python\Python311\Lib\site-packages\sqlalchemy\sql\elements.py", line 526, in _execute_on_connection
    return connection._execute_clauseelement(
           ^^^^^^^^^^^^^^^^^^^^^^^^^^^^^^^^^^
  File "C:\Users\User\AppData\Local\Programs\Python\Python311\Lib\site-packages\sqlalchemy\engine\base.py", line 1643, in _execute_clauseelement
    ret = self._execute_context(
          ^^^^^^^^^^^^^^^^^^^^^^
  File "C:\Users\User\AppData\Local\Programs\Python\Python311\Lib\site-packages\sqlalchemy\engine\base.py", line 1848, in _execute_context
    return self._exec_single_context(
           ^^^^^^^^^^^^^^^^^^^^^^^^^^
  File "C:\Users\User\AppData\Local\Programs\Python\Python311\Lib\site-packages\sqlalchemy\engine\base.py", line 1988, in _exec_single_context
    self._handle_dbapi_exception(
  File "C:\Users\User\AppData\Local\Programs\Python\Python311\Lib\site-packages\sqlalchemy\engine\base.py", line 2365, in _handle_dbapi_exception
    raise sqlalchemy_exception.with_traceback(exc_info[2]) from e
  File "C:\Users\User\AppData\Local\Programs\Python\Python311\Lib\site-packages\sqlalchemy\engine\base.py", line 1969, in _exec_single_context
    self.dialect.do_execute(
  File "C:\Users\User\AppData\Local\Programs\Python\Python311\Lib\site-packages\sqlalchemy\engine\default.py", line 952, in do_execute
    cursor.execute(statement, parameters)
  File "C:\Users\User\AppData\Local\Programs\Python\Python311\Lib\site-packages\sqlalchemy\dialects\sqlite\aiosqlite.py", line 183, in execute
    self._adapt_connection._handle_exception(error)
  File "C:\Users\User\AppData\Local\Programs\Python\Python311\Lib\site-packages\sqlalchemy\dialects\sqlite\aiosqlite.py", line 343, in _handle_exception
    raise error
  File "C:\Users\User\AppData\Local\Programs\Python\Python311\Lib\site-packages\sqlalchemy\dialects\sqlite\aiosqlite.py", line 165, in execute
    self.await_(_cursor.execute(operation, parameters))
  File "C:\Users\User\AppData\Local\Programs\Python\Python311\Lib\site-packages\sqlalchemy\util\_concurrency_py3k.py", line 132, in await_only
    return current.parent.switch(awaitable)  # type: ignore[no-any-return,attr-defined] # noqa: E501
           ^^^^^^^^^^^^^^^^^^^^^^^^^^^^^^^^
  File "C:\Users\User\AppData\Local\Programs\Python\Python311\Lib\site-packages\sqlalchemy\util\_concurrency_py3k.py", line 196, in greenlet_spawn
    value = await result
            ^^^^^^^^^^^^
  File "C:\Users\User\AppData\Local\Programs\Python\Python311\Lib\site-packages\aiosqlite\cursor.py", line 40, in execute
    await self._execute(self._cursor.execute, sql, parameters)
  File "C:\Users\User\AppData\Local\Programs\Python\Python311\Lib\site-packages\aiosqlite\cursor.py", line 32, in _execute
    return await self._conn._execute(fn, *args, **kwargs)
           ^^^^^^^^^^^^^^^^^^^^^^^^^^^^^^^^^^^^^^^^^^^^^^
  File "C:\Users\User\AppData\Local\Programs\Python\Python311\Lib\site-packages\aiosqlite\core.py", line 160, in _execute
    return await future
           ^^^^^^^^^^^^
  File "C:\Users\User\AppData\Local\Programs\Python\Python311\Lib\site-packages\aiosqlite\core.py", line 63, in _connection_worker_thread
    result = function()
             ^^^^^^^^^^
sqlalchemy.exc.OperationalError: (sqlite3.OperationalError) no such column: real_orders.ml_billing_inject_status
[SQL: SELECT real_orders.id, real_orders.external_id, real_orders.customer_name, real_orders.customer_email, real_orders.customer_phone, real_orders.status_id, real_orders.status_name, real_orders.total_amount, real_orders.channel_name, real_orders.items_json, real_orders.created_at, real_orders.shipping_id, real_orders.shipping_status, real_orders.tracking_number, real_orders.shipping_address_json, real_orders.marketplace_fee, real_orders.buyer_doc, real_orders.pack_id, real_orders.enrichment_json, real_orders.picked_by, real_orders.picked_by_id, real_orders.picked_from_status_id, real_orders.picked_from_status_name, real_orders.picked_at, real_orders.bling_pedido_id, real_orders.bling_nfe_id, real_orders.bling_status, real_orders.bling_last_error, real_orders.bling_pushed_at, real_orders.nfe_access_key, real_orders.ml_billing_inject_status, real_orders.zpl_status, real_orders.zpl_path, real_orders.zpl_ready_at, real_orders.zpl_armed, real_orders.zpl_content, real_orders.zpl_printed_at 
FROM real_orders ORDER BY real_orders.id DESC]
(Background on this error at: https://sqlalche.me/e/20/e3q8)
ERROR:    Exception in ASGI application
Traceback (most recent call last):
  File "C:\Users\User\AppData\Local\Programs\Python\Python311\Lib\site-packages\sqlalchemy\engine\base.py", line 1969, in _exec_single_context
    self.dialect.do_execute(
  File "C:\Users\User\AppData\Local\Programs\Python\Python311\Lib\site-packages\sqlalchemy\engine\default.py", line 952, in do_execute
    cursor.execute(statement, parameters)
  File "C:\Users\User\AppData\Local\Programs\Python\Python311\Lib\site-packages\sqlalchemy\dialects\sqlite\aiosqlite.py", line 183, in execute
    self._adapt_connection._handle_exception(error)
  File "C:\Users\User\AppData\Local\Programs\Python\Python311\Lib\site-packages\sqlalchemy\dialects\sqlite\aiosqlite.py", line 343, in _handle_exception
    raise error
  File "C:\Users\User\AppData\Local\Programs\Python\Python311\Lib\site-packages\sqlalchemy\dialects\sqlite\aiosqlite.py", line 165, in execute
    self.await_(_cursor.execute(operation, parameters))
  File "C:\Users\User\AppData\Local\Programs\Python\Python311\Lib\site-packages\sqlalchemy\util\_concurrency_py3k.py", line 132, in await_only
    return current.parent.switch(awaitable)  # type: ignore[no-any-return,attr-defined] # noqa: E501
           ^^^^^^^^^^^^^^^^^^^^^^^^^^^^^^^^
  File "C:\Users\User\AppData\Local\Programs\Python\Python311\Lib\site-packages\sqlalchemy\util\_concurrency_py3k.py", line 196, in greenlet_spawn
    value = await result
            ^^^^^^^^^^^^
  File "C:\Users\User\AppData\Local\Programs\Python\Python311\Lib\site-packages\aiosqlite\cursor.py", line 40, in execute
    await self._execute(self._cursor.execute, sql, parameters)
  File "C:\Users\User\AppData\Local\Programs\Python\Python311\Lib\site-packages\aiosqlite\cursor.py", line 32, in _execute
    return await self._conn._execute(fn, *args, **kwargs)
           ^^^^^^^^^^^^^^^^^^^^^^^^^^^^^^^^^^^^^^^^^^^^^^
  File "C:\Users\User\AppData\Local\Programs\Python\Python311\Lib\site-packages\aiosqlite\core.py", line 160, in _execute
    return await future
           ^^^^^^^^^^^^
  File "C:\Users\User\AppData\Local\Programs\Python\Python311\Lib\site-packages\aiosqlite\core.py", line 63, in _connection_worker_thread
    result = function()
             ^^^^^^^^^^
sqlite3.OperationalError: no such column: real_orders.ml_billing_inject_status

The above exception was the direct cause of the following exception:

Traceback (most recent call last):
  File "C:\Users\User\AppData\Local\Programs\Python\Python311\Lib\site-packages\uvicorn\protocols\http\httptools_impl.py", line 422, in run_asgi
    result = await app(  # type: ignore[func-returns-value]
             ^^^^^^^^^^^^^^^^^^^^^^^^^^^^^^^^^^^^^^^^^^^^^^
  File "C:\Users\User\AppData\Local\Programs\Python\Python311\Lib\site-packages\uvicorn\middleware\proxy_headers.py", line 63, in __call__
    return await self.app(scope, receive, send)
           ^^^^^^^^^^^^^^^^^^^^^^^^^^^^^^^^^^^^
  File "C:\Users\User\AppData\Local\Programs\Python\Python311\Lib\site-packages\fastapi\applications.py", line 1163, in __call__
    await super().__call__(scope, receive, send)
  File "C:\Users\User\AppData\Local\Programs\Python\Python311\Lib\site-packages\starlette\applications.py", line 90, in __call__
    await self.middleware_stack(scope, receive, send)
  File "C:\Users\User\AppData\Local\Programs\Python\Python311\Lib\site-packages\starlette\middleware\errors.py", line 186, in __call__
    raise exc
  File "C:\Users\User\AppData\Local\Programs\Python\Python311\Lib\site-packages\starlette\middleware\errors.py", line 164, in __call__
    await self.app(scope, receive, _send)
  File "C:\Users\User\AppData\Local\Programs\Python\Python311\Lib\site-packages\starlette\middleware\cors.py", line 88, in __call__
    await self.app(scope, receive, send)
  File "C:\Users\User\AppData\Local\Programs\Python\Python311\Lib\site-packages\starlette\middleware\exceptions.py", line 63, in __call__
    await wrap_app_handling_exceptions(self.app, conn)(scope, receive, send)
  File "C:\Users\User\AppData\Local\Programs\Python\Python311\Lib\site-packages\starlette\_exception_handler.py", line 53, in wrapped_app
    raise exc
  File "C:\Users\User\AppData\Local\Programs\Python\Python311\Lib\site-packages\starlette\_exception_handler.py", line 42, in wrapped_app
    await app(scope, receive, sender)
  File "C:\Users\User\AppData\Local\Programs\Python\Python311\Lib\site-packages\fastapi\middleware\asyncexitstack.py", line 18, in __call__
    await self.app(scope, receive, send)
  File "C:\Users\User\AppData\Local\Programs\Python\Python311\Lib\site-packages\starlette\routing.py", line 660, in __call__
    await self.middleware_stack(scope, receive, send)
  File "C:\Users\User\AppData\Local\Programs\Python\Python311\Lib\site-packages\fastapi\routing.py", line 2685, in app
    await route.handle(scope, receive, send)
  File "C:\Users\User\AppData\Local\Programs\Python\Python311\Lib\site-packages\fastapi\routing.py", line 1766, in handle
    await self.original_router.handle(scope, receive, send)
  File "C:\Users\User\AppData\Local\Programs\Python\Python311\Lib\site-packages\fastapi\routing.py", line 2740, in handle
    await included_router._handle_selected(scope, receive, send)
  File "C:\Users\User\AppData\Local\Programs\Python\Python311\Lib\site-packages\fastapi\routing.py", line 1786, in _handle_selected
    await original_route.handle(scope, receive, send)
  File "C:\Users\User\AppData\Local\Programs\Python\Python311\Lib\site-packages\fastapi\routing.py", line 1265, in handle
    await app(scope, receive, send)
  File "C:\Users\User\AppData\Local\Programs\Python\Python311\Lib\site-packages\fastapi\routing.py", line 151, in app
    await wrap_app_handling_exceptions(app, request)(scope, receive, send)
  File "C:\Users\User\AppData\Local\Programs\Python\Python311\Lib\site-packages\starlette\_exception_handler.py", line 53, in wrapped_app
    raise exc
  File "C:\Users\User\AppData\Local\Programs\Python\Python311\Lib\site-packages\starlette\_exception_handler.py", line 42, in wrapped_app
    await app(scope, receive, sender)
  File "C:\Users\User\AppData\Local\Programs\Python\Python311\Lib\site-packages\fastapi\routing.py", line 137, in app
    response = await f(request)
               ^^^^^^^^^^^^^^^^
  File "C:\Users\User\AppData\Local\Programs\Python\Python311\Lib\site-packages\fastapi\routing.py", line 691, in app
    raw_response = await run_endpoint_function(
                   ^^^^^^^^^^^^^^^^^^^^^^^^^^^^
  File "C:\Users\User\AppData\Local\Programs\Python\Python311\Lib\site-packages\fastapi\routing.py", line 345, in run_endpoint_function
    return await dependant.call(**values)
           ^^^^^^^^^^^^^^^^^^^^^^^^^^^^^^
  File "G:\Meu Drive\BASE ANTIGRAVITY\apps\api\src\presentation\routers\web_ui.py", line 37, in get_web_ui
    order_res = await session.execute(select(RealOrderDB).order_by(RealOrderDB.id.desc()))
                ^^^^^^^^^^^^^^^^^^^^^^^^^^^^^^^^^^^^^^^^^^^^^^^^^^^^^^^^^^^^^^^^^^^^^^^^^^
  File "C:\Users\User\AppData\Local\Programs\Python\Python311\Lib\site-packages\sqlalchemy\ext\asyncio\session.py", line 448, in execute
    result = await greenlet_spawn(
             ^^^^^^^^^^^^^^^^^^^^^
  File "C:\Users\User\AppData\Local\Programs\Python\Python311\Lib\site-packages\sqlalchemy\util\_concurrency_py3k.py", line 201, in greenlet_spawn
    result = context.throw(*sys.exc_info())
             ^^^^^^^^^^^^^^^^^^^^^^^^^^^^^^
  File "C:\Users\User\AppData\Local\Programs\Python\Python311\Lib\site-packages\sqlalchemy\orm\session.py", line 2373, in execute
    return self._execute_internal(
           ^^^^^^^^^^^^^^^^^^^^^^^
  File "C:\Users\User\AppData\Local\Programs\Python\Python311\Lib\site-packages\sqlalchemy\orm\session.py", line 2271, in _execute_internal
    result: Result[Any] = compile_state_cls.orm_execute_statement(
                          ^^^^^^^^^^^^^^^^^^^^^^^^^^^^^^^^^^^^^^^^
  File "C:\Users\User\AppData\Local\Programs\Python\Python311\Lib\site-packages\sqlalchemy\orm\context.py", line 306, in orm_execute_statement
    result = conn.execute(
             ^^^^^^^^^^^^^
  File "C:\Users\User\AppData\Local\Programs\Python\Python311\Lib\site-packages\sqlalchemy\engine\base.py", line 1421, in execute
    return meth(
           ^^^^^
  File "C:\Users\User\AppData\Local\Programs\Python\Python311\Lib\site-packages\sqlalchemy\sql\elements.py", line 526, in _execute_on_connection
    return connection._execute_clauseelement(
           ^^^^^^^^^^^^^^^^^^^^^^^^^^^^^^^^^^
  File "C:\Users\User\AppData\Local\Programs\Python\Python311\Lib\site-packages\sqlalchemy\engine\base.py", line 1643, in _execute_clauseelement
    ret = self._execute_context(
          ^^^^^^^^^^^^^^^^^^^^^^
  File "C:\Users\User\AppData\Local\Programs\Python\Python311\Lib\site-packages\sqlalchemy\engine\base.py", line 1848, in _execute_context
    return self._exec_single_context(
           ^^^^^^^^^^^^^^^^^^^^^^^^^^
  File "C:\Users\User\AppData\Local\Programs\Python\Python311\Lib\site-packages\sqlalchemy\engine\base.py", line 1988, in _exec_single_context
    self._handle_dbapi_exception(
  File "C:\Users\User\AppData\Local\Programs\Python\Python311\Lib\site-packages\sqlalchemy\engine\base.py", line 2365, in _handle_dbapi_exception
    raise sqlalchemy_exception.with_traceback(exc_info[2]) from e
  File "C:\Users\User\AppData\Local\Programs\Python\Python311\Lib\site-packages\sqlalchemy\engine\base.py", line 1969, in _exec_single_context
    self.dialect.do_execute(
  File "C:\Users\User\AppData\Local\Programs\Python\Python311\Lib\site-packages\sqlalchemy\engine\default.py", line 952, in do_execute
    cursor.execute(statement, parameters)
  File "C:\Users\User\AppData\Local\Programs\Python\Python311\Lib\site-packages\sqlalchemy\dialects\sqlite\aiosqlite.py", line 183, in execute
    self._adapt_connection._handle_exception(error)
  File "C:\Users\User\AppData\Local\Programs\Python\Python311\Lib\site-packages\sqlalchemy\dialects\sqlite\aiosqlite.py", line 343, in _handle_exception
    raise error
  File "C:\Users\User\AppData\Local\Programs\Python\Python311\Lib\site-packages\sqlalchemy\dialects\sqlite\aiosqlite.py", line 165, in execute
    self.await_(_cursor.execute(operation, parameters))
  File "C:\Users\User\AppData\Local\Programs\Python\Python311\Lib\site-packages\sqlalchemy\util\_concurrency_py3k.py", line 132, in await_only
    return current.parent.switch(awaitable)  # type: ignore[no-any-return,attr-defined] # noqa: E501
           ^^^^^^^^^^^^^^^^^^^^^^^^^^^^^^^^
  File "C:\Users\User\AppData\Local\Programs\Python\Python311\Lib\site-packages\sqlalchemy\util\_concurrency_py3k.py", line 196, in greenlet_spawn
    value = await result
            ^^^^^^^^^^^^
  File "C:\Users\User\AppData\Local\Programs\Python\Python311\Lib\site-packages\aiosqlite\cursor.py", line 40, in execute
    await self._execute(self._cursor.execute, sql, parameters)
  File "C:\Users\User\AppData\Local\Programs\Python\Python311\Lib\site-packages\aiosqlite\cursor.py", line 32, in _execute
    return await self._conn._execute(fn, *args, **kwargs)
           ^^^^^^^^^^^^^^^^^^^^^^^^^^^^^^^^^^^^^^^^^^^^^^
  File "C:\Users\User\AppData\Local\Programs\Python\Python311\Lib\site-packages\aiosqlite\core.py", line 160, in _execute
    return await future
           ^^^^^^^^^^^^
  File "C:\Users\User\AppData\Local\Programs\Python\Python311\Lib\site-packages\aiosqlite\core.py", line 63, in _connection_worker_thread
    result = function()
             ^^^^^^^^^^
sqlalchemy.exc.OperationalError: (sqlite3.OperationalError) no such column: real_orders.ml_billing_inject_status
[SQL: SELECT real_orders.id, real_orders.external_id, real_orders.customer_name, real_orders.customer_email, real_orders.customer_phone, real_orders.status_id, real_orders.status_name, real_orders.total_amount, real_orders.channel_name, real_orders.items_json, real_orders.created_at, real_orders.shipping_id, real_orders.shipping_status, real_orders.tracking_number, real_orders.shipping_address_json, real_orders.marketplace_fee, real_orders.buyer_doc, real_orders.pack_id, real_orders.enrichment_json, real_orders.picked_by, real_orders.picked_by_id, real_orders.picked_from_status_id, real_orders.picked_from_status_name, real_orders.picked_at, real_orders.bling_pedido_id, real_orders.bling_nfe_id, real_orders.bling_status, real_orders.bling_last_error, real_orders.bling_pushed_at, real_orders.nfe_access_key, real_orders.ml_billing_inject_status, real_orders.zpl_status, real_orders.zpl_path, real_orders.zpl_ready_at, real_orders.zpl_armed, real_orders.zpl_content, real_orders.zpl_printed_at 
FROM real_orders ORDER BY real_orders.id DESC]
(Background on this error at: https://sqlalche.me/e/20/e3q8)
INFO:     Shutting down
INFO:     Waiting for connections to close. (CTRL+C to force quit)
ERROR:    Exception in ASGI application
Traceback (most recent call last):
  File "C:\Users\User\AppData\Local\Programs\Python\Python311\Lib\site-packages\sqlalchemy\engine\base.py", line 1969, in _exec_single_context
    self.dialect.do_execute(
  File "C:\Users\User\AppData\Local\Programs\Python\Python311\Lib\site-packages\sqlalchemy\engine\default.py", line 952, in do_execute
    cursor.execute(statement, parameters)
  File "C:\Users\User\AppData\Local\Programs\Python\Python311\Lib\site-packages\sqlalchemy\dialects\sqlite\aiosqlite.py", line 183, in execute
    self._adapt_connection._handle_exception(error)
  File "C:\Users\User\AppData\Local\Programs\Python\Python311\Lib\site-packages\sqlalchemy\dialects\sqlite\aiosqlite.py", line 343, in _handle_exception
    raise error
  File "C:\Users\User\AppData\Local\Programs\Python\Python311\Lib\site-packages\sqlalchemy\dialects\sqlite\aiosqlite.py", line 165, in execute
    self.await_(_cursor.execute(operation, parameters))
  File "C:\Users\User\AppData\Local\Programs\Python\Python311\Lib\site-packages\sqlalchemy\util\_concurrency_py3k.py", line 132, in await_only
    return current.parent.switch(awaitable)  # type: ignore[no-any-return,attr-defined] # noqa: E501
           ^^^^^^^^^^^^^^^^^^^^^^^^^^^^^^^^
  File "C:\Users\User\AppData\Local\Programs\Python\Python311\Lib\site-packages\sqlalchemy\util\_concurrency_py3k.py", line 196, in greenlet_spawn
    value = await result
            ^^^^^^^^^^^^
  File "C:\Users\User\AppData\Local\Programs\Python\Python311\Lib\site-packages\aiosqlite\cursor.py", line 40, in execute
    await self._execute(self._cursor.execute, sql, parameters)
  File "C:\Users\User\AppData\Local\Programs\Python\Python311\Lib\site-packages\aiosqlite\cursor.py", line 32, in _execute
    return await self._conn._execute(fn, *args, **kwargs)
           ^^^^^^^^^^^^^^^^^^^^^^^^^^^^^^^^^^^^^^^^^^^^^^
  File "C:\Users\User\AppData\Local\Programs\Python\Python311\Lib\site-packages\aiosqlite\core.py", line 160, in _execute
    return await future
           ^^^^^^^^^^^^
  File "C:\Users\User\AppData\Local\Programs\Python\Python311\Lib\site-packages\aiosqlite\core.py", line 63, in _connection_worker_thread
    result = function()
             ^^^^^^^^^^
sqlite3.OperationalError: no such column: real_orders.ml_billing_inject_status

The above exception was the direct cause of the following exception:

Traceback (most recent call last):
  File "C:\Users\User\AppData\Local\Programs\Python\Python311\Lib\site-packages\uvicorn\protocols\http\httptools_impl.py", line 422, in run_asgi
    result = await app(  # type: ignore[func-returns-value]
             ^^^^^^^^^^^^^^^^^^^^^^^^^^^^^^^^^^^^^^^^^^^^^^
  File "C:\Users\User\AppData\Local\Programs\Python\Python311\Lib\site-packages\uvicorn\middleware\proxy_headers.py", line 63, in __call__
    return await self.app(scope, receive, send)
           ^^^^^^^^^^^^^^^^^^^^^^^^^^^^^^^^^^^^
  File "C:\Users\User\AppData\Local\Programs\Python\Python311\Lib\site-packages\fastapi\applications.py", line 1163, in __call__
    await super().__call__(scope, receive, send)
  File "C:\Users\User\AppData\Local\Programs\Python\Python311\Lib\site-packages\starlette\applications.py", line 90, in __call__
    await self.middleware_stack(scope, receive, send)
  File "C:\Users\User\AppData\Local\Programs\Python\Python311\Lib\site-packages\starlette\middleware\errors.py", line 186, in __call__
    raise exc
  File "C:\Users\User\AppData\Local\Programs\Python\Python311\Lib\site-packages\starlette\middleware\errors.py", line 164, in __call__
    await self.app(scope, receive, _send)
  File "C:\Users\User\AppData\Local\Programs\Python\Python311\Lib\site-packages\starlette\middleware\cors.py", line 88, in __call__
    await self.app(scope, receive, send)
  File "C:\Users\User\AppData\Local\Programs\Python\Python311\Lib\site-packages\starlette\middleware\exceptions.py", line 63, in __call__
    await wrap_app_handling_exceptions(self.app, conn)(scope, receive, send)
  File "C:\Users\User\AppData\Local\Programs\Python\Python311\Lib\site-packages\starlette\_exception_handler.py", line 53, in wrapped_app
    raise exc
  File "C:\Users\User\AppData\Local\Programs\Python\Python311\Lib\site-packages\starlette\_exception_handler.py", line 42, in wrapped_app
    await app(scope, receive, sender)
  File "C:\Users\User\AppData\Local\Programs\Python\Python311\Lib\site-packages\fastapi\middleware\asyncexitstack.py", line 18, in __call__
    await self.app(scope, receive, send)
  File "C:\Users\User\AppData\Local\Programs\Python\Python311\Lib\site-packages\starlette\routing.py", line 660, in __call__
    await self.middleware_stack(scope, receive, send)
  File "C:\Users\User\AppData\Local\Programs\Python\Python311\Lib\site-packages\fastapi\routing.py", line 2685, in app
    await route.handle(scope, receive, send)
  File "C:\Users\User\AppData\Local\Programs\Python\Python311\Lib\site-packages\fastapi\routing.py", line 1766, in handle
    await self.original_router.handle(scope, receive, send)
  File "C:\Users\User\AppData\Local\Programs\Python\Python311\Lib\site-packages\fastapi\routing.py", line 2740, in handle
    await included_router._handle_selected(scope, receive, send)
  File "C:\Users\User\AppData\Local\Programs\Python\Python311\Lib\site-packages\fastapi\routing.py", line 1786, in _handle_selected
    await original_route.handle(scope, receive, send)
  File "C:\Users\User\AppData\Local\Programs\Python\Python311\Lib\site-packages\fastapi\routing.py", line 1265, in handle
    await app(scope, receive, send)
  File "C:\Users\User\AppData\Local\Programs\Python\Python311\Lib\site-packages\fastapi\routing.py", line 151, in app
    await wrap_app_handling_exceptions(app, request)(scope, receive, send)
  File "C:\Users\User\AppData\Local\Programs\Python\Python311\Lib\site-packages\starlette\_exception_handler.py", line 53, in wrapped_app
    raise exc
  File "C:\Users\User\AppData\Local\Programs\Python\Python311\Lib\site-packages\starlette\_exception_handler.py", line 42, in wrapped_app
    await app(scope, receive, sender)
  File "C:\Users\User\AppData\Local\Programs\Python\Python311\Lib\site-packages\fastapi\routing.py", line 137, in app
    response = await f(request)
               ^^^^^^^^^^^^^^^^
  File "C:\Users\User\AppData\Local\Programs\Python\Python311\Lib\site-packages\fastapi\routing.py", line 691, in app
    raw_response = await run_endpoint_function(
                   ^^^^^^^^^^^^^^^^^^^^^^^^^^^^
  File "C:\Users\User\AppData\Local\Programs\Python\Python311\Lib\site-packages\fastapi\routing.py", line 345, in run_endpoint_function
    return await dependant.call(**values)
           ^^^^^^^^^^^^^^^^^^^^^^^^^^^^^^
  File "G:\Meu Drive\BASE ANTIGRAVITY\apps\api\src\presentation\routers\web_ui.py", line 37, in get_web_ui
    order_res = await session.execute(select(RealOrderDB).order_by(RealOrderDB.id.desc()))
                ^^^^^^^^^^^^^^^^^^^^^^^^^^^^^^^^^^^^^^^^^^^^^^^^^^^^^^^^^^^^^^^^^^^^^^^^^^
  File "C:\Users\User\AppData\Local\Programs\Python\Python311\Lib\site-packages\sqlalchemy\ext\asyncio\session.py", line 448, in execute
    result = await greenlet_spawn(
             ^^^^^^^^^^^^^^^^^^^^^
  File "C:\Users\User\AppData\Local\Programs\Python\Python311\Lib\site-packages\sqlalchemy\util\_concurrency_py3k.py", line 201, in greenlet_spawn
    result = context.throw(*sys.exc_info())
             ^^^^^^^^^^^^^^^^^^^^^^^^^^^^^^
  File "C:\Users\User\AppData\Local\Programs\Python\Python311\Lib\site-packages\sqlalchemy\orm\session.py", line 2373, in execute
    return self._execute_internal(
           ^^^^^^^^^^^^^^^^^^^^^^^
  File "C:\Users\User\AppData\Local\Programs\Python\Python311\Lib\site-packages\sqlalchemy\orm\session.py", line 2271, in _execute_internal
    result: Result[Any] = compile_state_cls.orm_execute_statement(
                          ^^^^^^^^^^^^^^^^^^^^^^^^^^^^^^^^^^^^^^^^
  File "C:\Users\User\AppData\Local\Programs\Python\Python311\Lib\site-packages\sqlalchemy\orm\context.py", line 306, in orm_execute_statement
    result = conn.execute(
             ^^^^^^^^^^^^^
  File "C:\Users\User\AppData\Local\Programs\Python\Python311\Lib\site-packages\sqlalchemy\engine\base.py", line 1421, in execute
    return meth(
           ^^^^^
  File "C:\Users\User\AppData\Local\Programs\Python\Python311\Lib\site-packages\sqlalchemy\sql\elements.py", line 526, in _execute_on_connection
    return connection._execute_clauseelement(
           ^^^^^^^^^^^^^^^^^^^^^^^^^^^^^^^^^^
  File "C:\Users\User\AppData\Local\Programs\Python\Python311\Lib\site-packages\sqlalchemy\engine\base.py", line 1643, in _execute_clauseelement
    ret = self._execute_context(
          ^^^^^^^^^^^^^^^^^^^^^^
  File "C:\Users\User\AppData\Local\Programs\Python\Python311\Lib\site-packages\sqlalchemy\engine\base.py", line 1848, in _execute_context
    return self._exec_single_context(
           ^^^^^^^^^^^^^^^^^^^^^^^^^^
  File "C:\Users\User\AppData\Local\Programs\Python\Python311\Lib\site-packages\sqlalchemy\engine\base.py", line 1988, in _exec_single_context
    self._handle_dbapi_exception(
  File "C:\Users\User\AppData\Local\Programs\Python\Python311\Lib\site-packages\sqlalchemy\engine\base.py", line 2365, in _handle_dbapi_exception
    raise sqlalchemy_exception.with_traceback(exc_info[2]) from e
  File "C:\Users\User\AppData\Local\Programs\Python\Python311\Lib\site-packages\sqlalchemy\engine\base.py", line 1969, in _exec_single_context
    self.dialect.do_execute(
  File "C:\Users\User\AppData\Local\Programs\Python\Python311\Lib\site-packages\sqlalchemy\engine\default.py", line 952, in do_execute
    cursor.execute(statement, parameters)
  File "C:\Users\User\AppData\Local\Programs\Python\Python311\Lib\site-packages\sqlalchemy\dialects\sqlite\aiosqlite.py", line 183, in execute
    self._adapt_connection._handle_exception(error)
  File "C:\Users\User\AppData\Local\Programs\Python\Python311\Lib\site-packages\sqlalchemy\dialects\sqlite\aiosqlite.py", line 343, in _handle_exception
    raise error
  File "C:\Users\User\AppData\Local\Programs\Python\Python311\Lib\site-packages\sqlalchemy\dialects\sqlite\aiosqlite.py", line 165, in execute
    self.await_(_cursor.execute(operation, parameters))
  File "C:\Users\User\AppData\Local\Programs\Python\Python311\Lib\site-packages\sqlalchemy\util\_concurrency_py3k.py", line 132, in await_only
    return current.parent.switch(awaitable)  # type: ignore[no-any-return,attr-defined] # noqa: E501
           ^^^^^^^^^^^^^^^^^^^^^^^^^^^^^^^^
  File "C:\Users\User\AppData\Local\Programs\Python\Python311\Lib\site-packages\sqlalchemy\util\_concurrency_py3k.py", line 196, in greenlet_spawn
    value = await result
            ^^^^^^^^^^^^
  File "C:\Users\User\AppData\Local\Programs\Python\Python311\Lib\site-packages\aiosqlite\cursor.py", line 40, in execute
    await self._execute(self._cursor.execute, sql, parameters)
  File "C:\Users\User\AppData\Local\Programs\Python\Python311\Lib\site-packages\aiosqlite\cursor.py", line 32, in _execute
    return await self._conn._execute(fn, *args, **kwargs)
           ^^^^^^^^^^^^^^^^^^^^^^^^^^^^^^^^^^^^^^^^^^^^^^
  File "C:\Users\User\AppData\Local\Programs\Python\Python311\Lib\site-packages\aiosqlite\core.py", line 160, in _execute
    return await future
           ^^^^^^^^^^^^
  File "C:\Users\User\AppData\Local\Programs\Python\Python311\Lib\site-packages\aiosqlite\core.py", line 63, in _connection_worker_thread
    result = function()
             ^^^^^^^^^^
sqlalchemy.exc.OperationalError: (sqlite3.OperationalError) no such column: real_orders.ml_billing_inject_status
[SQL: SELECT real_orders.id, real_orders.external_id, real_orders.customer_name, real_orders.customer_email, real_orders.customer_phone, real_orders.status_id, real_orders.status_name, real_orders.total_amount, real_orders.channel_name, real_orders.items_json, real_orders.created_at, real_orders.shipping_id, real_orders.shipping_status, real_orders.tracking_number, real_orders.shipping_address_json, real_orders.marketplace_fee, real_orders.buyer_doc, real_orders.pack_id, real_orders.enrichment_json, real_orders.picked_by, real_orders.picked_by_id, real_orders.picked_from_status_id, real_orders.picked_from_status_name, real_orders.picked_at, real_orders.bling_pedido_id, real_orders.bling_nfe_id, real_orders.bling_status, real_orders.bling_last_error, real_orders.bling_pushed_at, real_orders.nfe_access_key, real_orders.ml_billing_inject_status, real_orders.zpl_status, real_orders.zpl_path, real_orders.zpl_ready_at, real_orders.zpl_armed, real_orders.zpl_content, real_orders.zpl_printed_at 
FROM real_orders ORDER BY real_orders.id DESC]
(Background on this error at: https://sqlalche.me/e/20/e3q8)
INFO:     Waiting for application shutdown.
INFO:     Application shutdown complete.
INFO:     Finished server process [12056]
WARNING:  WatchFiles detected changes in 'src\presentation\routers\web_ui.py'. Reloading...
INFO:     Started server process [13572]
INFO:     Waiting for application startup.
INFO:     Application startup complete.
INFO:     Shutting down
INFO:     Waiting for application shutdown.
INFO:     Application shutdown complete.
INFO:     Finished server process [13572]
INFO:     Started server process [15692]
INFO:     Waiting for application startup.
INFO:     Application startup complete.
ERROR:    Exception in ASGI application
Traceback (most recent call last):
  File "C:\Users\User\AppData\Local\Programs\Python\Python311\Lib\site-packages\sqlalchemy\engine\base.py", line 1969, in _exec_single_context
    self.dialect.do_execute(
  File "C:\Users\User\AppData\Local\Programs\Python\Python311\Lib\site-packages\sqlalchemy\engine\default.py", line 952, in do_execute
    cursor.execute(statement, parameters)
  File "C:\Users\User\AppData\Local\Programs\Python\Python311\Lib\site-packages\sqlalchemy\dialects\sqlite\aiosqlite.py", line 183, in execute
    self._adapt_connection._handle_exception(error)
  File "C:\Users\User\AppData\Local\Programs\Python\Python311\Lib\site-packages\sqlalchemy\dialects\sqlite\aiosqlite.py", line 343, in _handle_exception
    raise error
  File "C:\Users\User\AppData\Local\Programs\Python\Python311\Lib\site-packages\sqlalchemy\dialects\sqlite\aiosqlite.py", line 165, in execute
    self.await_(_cursor.execute(operation, parameters))
  File "C:\Users\User\AppData\Local\Programs\Python\Python311\Lib\site-packages\sqlalchemy\util\_concurrency_py3k.py", line 132, in await_only
    return current.parent.switch(awaitable)  # type: ignore[no-any-return,attr-defined] # noqa: E501
           ^^^^^^^^^^^^^^^^^^^^^^^^^^^^^^^^
  File "C:\Users\User\AppData\Local\Programs\Python\Python311\Lib\site-packages\sqlalchemy\util\_concurrency_py3k.py", line 196, in greenlet_spawn
    value = await result
            ^^^^^^^^^^^^
  File "C:\Users\User\AppData\Local\Programs\Python\Python311\Lib\site-packages\aiosqlite\cursor.py", line 40, in execute
    await self._execute(self._cursor.execute, sql, parameters)
  File "C:\Users\User\AppData\Local\Programs\Python\Python311\Lib\site-packages\aiosqlite\cursor.py", line 32, in _execute
    return await self._conn._execute(fn, *args, **kwargs)
           ^^^^^^^^^^^^^^^^^^^^^^^^^^^^^^^^^^^^^^^^^^^^^^
  File "C:\Users\User\AppData\Local\Programs\Python\Python311\Lib\site-packages\aiosqlite\core.py", line 160, in _execute
    return await future
           ^^^^^^^^^^^^
  File "C:\Users\User\AppData\Local\Programs\Python\Python311\Lib\site-packages\aiosqlite\core.py", line 63, in _connection_worker_thread
    result = function()
             ^^^^^^^^^^
sqlite3.OperationalError: no such column: real_orders.ml_billing_inject_status

The above exception was the direct cause of the following exception:

Traceback (most recent call last):
  File "C:\Users\User\AppData\Local\Programs\Python\Python311\Lib\site-packages\uvicorn\protocols\http\httptools_impl.py", line 422, in run_asgi
    result = await app(  # type: ignore[func-returns-value]
             ^^^^^^^^^^^^^^^^^^^^^^^^^^^^^^^^^^^^^^^^^^^^^^
  File "C:\Users\User\AppData\Local\Programs\Python\Python311\Lib\site-packages\uvicorn\middleware\proxy_headers.py", line 63, in __call__
    return await self.app(scope, receive, send)
           ^^^^^^^^^^^^^^^^^^^^^^^^^^^^^^^^^^^^
  File "C:\Users\User\AppData\Local\Programs\Python\Python311\Lib\site-packages\fastapi\applications.py", line 1163, in __call__
    await super().__call__(scope, receive, send)
  File "C:\Users\User\AppData\Local\Programs\Python\Python311\Lib\site-packages\starlette\applications.py", line 90, in __call__
    await self.middleware_stack(scope, receive, send)
  File "C:\Users\User\AppData\Local\Programs\Python\Python311\Lib\site-packages\starlette\middleware\errors.py", line 186, in __call__
    raise exc
  File "C:\Users\User\AppData\Local\Programs\Python\Python311\Lib\site-packages\starlette\middleware\errors.py", line 164, in __call__
    await self.app(scope, receive, _send)
  File "C:\Users\User\AppData\Local\Programs\Python\Python311\Lib\site-packages\starlette\middleware\cors.py", line 88, in __call__
    await self.app(scope, receive, send)
  File "C:\Users\User\AppData\Local\Programs\Python\Python311\Lib\site-packages\starlette\middleware\exceptions.py", line 63, in __call__
    await wrap_app_handling_exceptions(self.app, conn)(scope, receive, send)
  File "C:\Users\User\AppData\Local\Programs\Python\Python311\Lib\site-packages\starlette\_exception_handler.py", line 53, in wrapped_app
    raise exc
  File "C:\Users\User\AppData\Local\Programs\Python\Python311\Lib\site-packages\starlette\_exception_handler.py", line 42, in wrapped_app
    await app(scope, receive, sender)
  File "C:\Users\User\AppData\Local\Programs\Python\Python311\Lib\site-packages\fastapi\middleware\asyncexitstack.py", line 18, in __call__
    await self.app(scope, receive, send)
  File "C:\Users\User\AppData\Local\Programs\Python\Python311\Lib\site-packages\starlette\routing.py", line 660, in __call__
    await self.middleware_stack(scope, receive, send)
  File "C:\Users\User\AppData\Local\Programs\Python\Python311\Lib\site-packages\fastapi\routing.py", line 2685, in app
    await route.handle(scope, receive, send)
  File "C:\Users\User\AppData\Local\Programs\Python\Python311\Lib\site-packages\fastapi\routing.py", line 1766, in handle
    await self.original_router.handle(scope, receive, send)
  File "C:\Users\User\AppData\Local\Programs\Python\Python311\Lib\site-packages\fastapi\routing.py", line 2740, in handle
    await included_router._handle_selected(scope, receive, send)
  File "C:\Users\User\AppData\Local\Programs\Python\Python311\Lib\site-packages\fastapi\routing.py", line 1786, in _handle_selected
    await original_route.handle(scope, receive, send)
  File "C:\Users\User\AppData\Local\Programs\Python\Python311\Lib\site-packages\fastapi\routing.py", line 1265, in handle
    await app(scope, receive, send)
  File "C:\Users\User\AppData\Local\Programs\Python\Python311\Lib\site-packages\fastapi\routing.py", line 151, in app
    await wrap_app_handling_exceptions(app, request)(scope, receive, send)
  File "C:\Users\User\AppData\Local\Programs\Python\Python311\Lib\site-packages\starlette\_exception_handler.py", line 53, in wrapped_app
    raise exc
  File "C:\Users\User\AppData\Local\Programs\Python\Python311\Lib\site-packages\starlette\_exception_handler.py", line 42, in wrapped_app
    await app(scope, receive, sender)
  File "C:\Users\User\AppData\Local\Programs\Python\Python311\Lib\site-packages\fastapi\routing.py", line 137, in app
    response = await f(request)
               ^^^^^^^^^^^^^^^^
  File "C:\Users\User\AppData\Local\Programs\Python\Python311\Lib\site-packages\fastapi\routing.py", line 691, in app
    raw_response = await run_endpoint_function(
                   ^^^^^^^^^^^^^^^^^^^^^^^^^^^^
  File "C:\Users\User\AppData\Local\Programs\Python\Python311\Lib\site-packages\fastapi\routing.py", line 345, in run_endpoint_function
    return await dependant.call(**values)
           ^^^^^^^^^^^^^^^^^^^^^^^^^^^^^^
  File "G:\Meu Drive\BASE ANTIGRAVITY\apps\api\src\presentation\routers\web_ui.py", line 37, in get_web_ui
    order_res = await session.execute(select(RealOrderDB).order_by(RealOrderDB.id.desc()))
                ^^^^^^^^^^^^^^^^^^^^^^^^^^^^^^^^^^^^^^^^^^^^^^^^^^^^^^^^^^^^^^^^^^^^^^^^^^
  File "C:\Users\User\AppData\Local\Programs\Python\Python311\Lib\site-packages\sqlalchemy\ext\asyncio\session.py", line 448, in execute
    result = await greenlet_spawn(
             ^^^^^^^^^^^^^^^^^^^^^
  File "C:\Users\User\AppData\Local\Programs\Python\Python311\Lib\site-packages\sqlalchemy\util\_concurrency_py3k.py", line 201, in greenlet_spawn
    result = context.throw(*sys.exc_info())
             ^^^^^^^^^^^^^^^^^^^^^^^^^^^^^^
  File "C:\Users\User\AppData\Local\Programs\Python\Python311\Lib\site-packages\sqlalchemy\orm\session.py", line 2373, in execute
    return self._execute_internal(
           ^^^^^^^^^^^^^^^^^^^^^^^
  File "C:\Users\User\AppData\Local\Programs\Python\Python311\Lib\site-packages\sqlalchemy\orm\session.py", line 2271, in _execute_internal
    result: Result[Any] = compile_state_cls.orm_execute_statement(
                          ^^^^^^^^^^^^^^^^^^^^^^^^^^^^^^^^^^^^^^^^
  File "C:\Users\User\AppData\Local\Programs\Python\Python311\Lib\site-packages\sqlalchemy\orm\context.py", line 306, in orm_execute_statement
    result = conn.execute(
             ^^^^^^^^^^^^^
  File "C:\Users\User\AppData\Local\Programs\Python\Python311\Lib\site-packages\sqlalchemy\engine\base.py", line 1421, in execute
    return meth(
           ^^^^^
  File "C:\Users\User\AppData\Local\Programs\Python\Python311\Lib\site-packages\sqlalchemy\sql\elements.py", line 526, in _execute_on_connection
    return connection._execute_clauseelement(
           ^^^^^^^^^^^^^^^^^^^^^^^^^^^^^^^^^^
  File "C:\Users\User\AppData\Local\Programs\Python\Python311\Lib\site-packages\sqlalchemy\engine\base.py", line 1643, in _execute_clauseelement
    ret = self._execute_context(
          ^^^^^^^^^^^^^^^^^^^^^^
  File "C:\Users\User\AppData\Local\Programs\Python\Python311\Lib\site-packages\sqlalchemy\engine\base.py", line 1848, in _execute_context
    return self._exec_single_context(
           ^^^^^^^^^^^^^^^^^^^^^^^^^^
  File "C:\Users\User\AppData\Local\Programs\Python\Python311\Lib\site-packages\sqlalchemy\engine\base.py", line 1988, in _exec_single_context
    self._handle_dbapi_exception(
  File "C:\Users\User\AppData\Local\Programs\Python\Python311\Lib\site-packages\sqlalchemy\engine\base.py", line 2365, in _handle_dbapi_exception
    raise sqlalchemy_exception.with_traceback(exc_info[2]) from e
  File "C:\Users\User\AppData\Local\Programs\Python\Python311\Lib\site-packages\sqlalchemy\engine\base.py", line 1969, in _exec_single_context
    self.dialect.do_execute(
  File "C:\Users\User\AppData\Local\Programs\Python\Python311\Lib\site-packages\sqlalchemy\engine\default.py", line 952, in do_execute
    cursor.execute(statement, parameters)
  File "C:\Users\User\AppData\Local\Programs\Python\Python311\Lib\site-packages\sqlalchemy\dialects\sqlite\aiosqlite.py", line 183, in execute
    self._adapt_connection._handle_exception(error)
  File "C:\Users\User\AppData\Local\Programs\Python\Python311\Lib\site-packages\sqlalchemy\dialects\sqlite\aiosqlite.py", line 343, in _handle_exception
    raise error
  File "C:\Users\User\AppData\Local\Programs\Python\Python311\Lib\site-packages\sqlalchemy\dialects\sqlite\aiosqlite.py", line 165, in execute
    self.await_(_cursor.execute(operation, parameters))
  File "C:\Users\User\AppData\Local\Programs\Python\Python311\Lib\site-packages\sqlalchemy\util\_concurrency_py3k.py", line 132, in await_only
    return current.parent.switch(awaitable)  # type: ignore[no-any-return,attr-defined] # noqa: E501
           ^^^^^^^^^^^^^^^^^^^^^^^^^^^^^^^^
  File "C:\Users\User\AppData\Local\Programs\Python\Python311\Lib\site-packages\sqlalchemy\util\_concurrency_py3k.py", line 196, in greenlet_spawn
    value = await result
            ^^^^^^^^^^^^
  File "C:\Users\User\AppData\Local\Programs\Python\Python311\Lib\site-packages\aiosqlite\cursor.py", line 40, in execute
    await self._execute(self._cursor.execute, sql, parameters)
  File "C:\Users\User\AppData\Local\Programs\Python\Python311\Lib\site-packages\aiosqlite\cursor.py", line 32, in _execute
    return await self._conn._execute(fn, *args, **kwargs)
           ^^^^^^^^^^^^^^^^^^^^^^^^^^^^^^^^^^^^^^^^^^^^^^
  File "C:\Users\User\AppData\Local\Programs\Python\Python311\Lib\site-packages\aiosqlite\core.py", line 160, in _execute
    return await future
           ^^^^^^^^^^^^
  File "C:\Users\User\AppData\Local\Programs\Python\Python311\Lib\site-packages\aiosqlite\core.py", line 63, in _connection_worker_thread
    result = function()
             ^^^^^^^^^^
sqlalchemy.exc.OperationalError: (sqlite3.OperationalError) no such column: real_orders.ml_billing_inject_status
[SQL: SELECT real_orders.id, real_orders.external_id, real_orders.customer_name, real_orders.customer_email, real_orders.customer_phone, real_orders.status_id, real_orders.status_name, real_orders.total_amount, real_orders.channel_name, real_orders.items_json, real_orders.created_at, real_orders.shipping_id, real_orders.shipping_status, real_orders.tracking_number, real_orders.shipping_address_json, real_orders.marketplace_fee, real_orders.buyer_doc, real_orders.pack_id, real_orders.enrichment_json, real_orders.picked_by, real_orders.picked_by_id, real_orders.picked_from_status_id, real_orders.picked_from_status_name, real_orders.picked_at, real_orders.bling_pedido_id, real_orders.bling_nfe_id, real_orders.bling_status, real_orders.bling_last_error, real_orders.bling_pushed_at, real_orders.nfe_access_key, real_orders.ml_billing_inject_status, real_orders.zpl_status, real_orders.zpl_path, real_orders.zpl_ready_at, real_orders.zpl_armed, real_orders.zpl_content, real_orders.zpl_printed_at 
FROM real_orders ORDER BY real_orders.id DESC]
(Background on this error at: https://sqlalche.me/e/20/e3q8)
WARNING:  WatchFiles detected changes in 'src\presentation\routers\web_ui.py'. Reloading...
INFO:     Shutting down
INFO:     Waiting for application shutdown.
INFO:     Application shutdown complete.
INFO:     Finished server process [15692]
INFO:     Started server process [4920]
INFO:     Waiting for application startup.
INFO:     Application startup complete.
WARNING:  WatchFiles detected changes in 'src\infrastructure\database.py'. Reloading...
INFO:     Shutting down
INFO:     Waiting for connections to close. (CTRL+C to force quit)
INFO:     Waiting for application shutdown.
INFO:     Application shutdown complete.
INFO:     Finished server process [4920]
INFO:     Started server process [9992]
INFO:     Waiting for application startup.
INFO:     Application startup complete.
